,Date,Adj Close,daily_return
0,2017-01-03,35.17324447631836,
1,2017-01-04,35.386844635009766,0.006072802264096566
2,2017-01-05,36.33025360107422,0.026659878149494443
3,2017-01-06,35.92085647583008,-0.01126876596402382
4,2017-01-09,35.54704284667969,-0.010406590093471668
5,2017-01-10,34.701541900634766,-0.023785408808595032
6,2017-01-11,35.377952575683594,0.01949223688635149
7,2017-01-12,34.94184875488281,-0.012326994329811214
8,2017-01-13,35.35124969482422,0.011716636484043974
9,2017-01-17,35.60044860839844,0.007049225012565996
10,2017-01-18,35.48474884033203,-0.0032499525311912025
11,2017-01-19,35.39574432373047,-0.0025082470500791265
12,2017-01-20,35.83185195922852,0.012320905912004632
13,2017-01-23,36.21455764770508,0.010680600291383735
14,2017-01-24,36.58835983276367,0.010321876320979584
15,2017-01-25,37.04227066040039,0.012405880714834838
16,2017-01-26,37.59407424926758,0.014896591894326905
17,2017-01-27,37.52288055419922,-0.0018937477911095124
18,2017-01-30,37.656375885009766,0.0035577047614381296
19,2017-01-31,37.82547378540039,0.004490551637443607
20,2017-02-01,37.6474723815918,-0.00470586052189248
21,2017-02-02,37.61187744140625,-0.0009454802124498896
22,2017-02-03,37.727577209472656,0.0030761497680260597
23,2017-02-06,37.6474723815918,-0.0021232433621724
24,2017-02-07,37.77207946777344,0.003309839367664047
25,2017-02-08,37.05117034912109,-0.019085767286585842
26,2017-02-09,37.149070739746094,0.0026423022458541556
27,2017-02-10,37.407169342041016,0.006947646257508655
28,2017-02-13,38.119178771972656,0.019034036588580605
29,2017-02-14,37.709774017333984,-0.010740125255261024
30,2017-02-15,37.98568344116211,0.0073166554565216035
31,2017-02-16,37.62078475952149,-0.009606216042047144
32,2017-02-17,37.780982971191406,0.004258236841520713
33,2017-02-21,38.16368103027344,0.010129383329540165
34,2017-02-22,38.61758804321289,0.011893690563533177
35,2017-02-23,38.37728500366211,-0.006222632011141704
36,2017-02-24,37.62967300415039,-0.019480585962252883
37,2017-02-27,37.38936996459961,-0.006385998611369237
38,2017-02-28,37.264774322509766,-0.003332381428406306
39,2017-03-01,37.39827346801758,0.0035824487853444165
40,2017-03-02,37.22917175292969,-0.004521644969319394
41,2017-03-03,37.44277572631836,0.0057375429893054
42,2017-03-06,37.57719421386719,0.003589971227863531
43,2017-03-07,37.63993835449219,0.0016697399030884963
44,2017-03-08,37.55927658081055,-0.002142983681906463
45,2017-03-09,38.473388671875,0.02433785137202249
46,2017-03-10,39.33373641967773,0.022362151541687858
47,2017-03-13,39.47711944580078,0.003645293815802475
48,2017-03-14,39.145538330078125,-0.00839932397240617
49,2017-03-15,39.29787826538086,0.0038916295905344622
50,2017-03-16,39.44126892089844,0.003648814181499871
51,2017-03-17,39.82663345336914,0.00977059164205829
52,2017-03-20,39.95209884643555,0.003150288693452019
53,2017-03-21,39.5488166809082,-0.01009414216453175
54,2017-03-22,38.76913833618164,-0.019714328016872007
55,2017-03-23,38.715362548828125,-0.001387077187199881
56,2017-03-24,38.76913833618164,0.0013890038427430973
57,2017-03-27,38.31207656860352,-0.011789319731967396
58,2017-03-28,38.3210334777832,0.00023378814154439986
59,2017-03-29,38.88563537597656,0.014733472637701528
60,2017-03-30,39.49505233764648,0.015672033021386866
61,2017-03-31,39.73701858520508,0.006126495174383129
62,2017-04-03,39.15449142456055,-0.014659558803976735
63,2017-04-04,39.45919418334961,0.007782064016235157
64,2017-04-05,38.39273071289063,-0.02702699567313993
65,2017-04-06,38.25830459594727,-0.0035013429481906
66,2017-04-07,37.83709716796875,-0.011009568574116613
67,2017-04-10,37.93567657470703,0.002605363891967194
68,2017-04-11,38.347923278808594,0.010866992270184506
69,2017-04-12,37.93567657470703,-0.010750170253140512
70,2017-04-13,37.68474578857422,-0.0066146384825548354
71,2017-04-17,38.41961669921875,0.01950048740589727
72,2017-04-18,38.50027847290039,0.0020994944929599857
73,2017-04-19,38.46442031860352,-0.00093137389440201
74,2017-04-20,38.9931755065918,0.01374660487818491
75,2017-04-21,39.09175491333008,0.002528119483923952
76,2017-04-24,39.145538330078125,0.0013758250778785897
77,2017-04-25,39.84455871582031,0.017856961880253097
78,2017-04-26,39.5936279296875,-0.006297742884354807
79,2017-04-27,38.91252136230469,-0.017202428850227047
80,2017-04-28,38.715362548828125,-0.00506671905531042
81,2017-05-01,38.76913833618164,0.0013890038427430973
82,2017-05-02,38.58092880249024,-0.004854622562393884
83,2017-05-03,39.43231964111328,0.022067660500907582
84,2017-05-04,38.374813079833984,-0.026818269148353835
85,2017-05-05,38.67951202392578,0.007940076306245603
86,2017-05-08,38.65262985229492,-0.0006949976932033586
87,2017-05-09,38.72431945800781,0.0018547148276026881
88,2017-05-10,38.625732421875,-0.002545868785111094
89,2017-05-11,38.90356063842773,0.007192827142233904
90,2017-05-12,39.01110458374024,0.002764372811836724
91,2017-05-15,37.40692901611328,-0.041120998360440586
92,2017-05-16,37.38899612426758,-0.0004794002693452315
93,2017-05-17,36.75270462036133,-0.01701814891716924
94,2017-05-18,35.91925048828125,-0.02267735505969637
95,2017-05-19,36.21499252319336,0.008233524666907854
96,2017-05-22,36.62723922729492,0.01138331600752207
97,2017-05-23,36.53762435913086,-0.002446672751062251
98,2017-05-24,35.65039825439453,-0.024282533971440534
99,2017-05-25,35.27399444580078,-0.010558193653484649
100,2017-05-26,36.28668594360352,0.02870929458694449
101,2017-05-30,35.40842056274414,-0.024203515918328145
102,2017-05-31,35.46220016479492,0.0015188365139158222
103,2017-06-01,36.33149337768555,0.02451323405910988
104,2017-06-02,36.591400146484375,0.007153759579793695
105,2017-06-05,36.04472732543945,-0.014939926290233663
106,2017-06-06,35.891258239746094,-0.004257740232232132
107,2017-06-07,35.963478088378906,0.0020121849211971465
108,2017-06-08,35.936397552490234,-0.0007530010257106312
109,2017-06-09,35.620452880859375,-0.008791773609733045
110,2017-06-12,34.88926696777344,-0.020527136910121646
111,2017-06-13,35.88223648071289,0.028460601188802226
112,2017-06-14,36.53217315673828,0.018113048119916986
113,2017-06-15,36.77590560913086,0.006671720604927156
114,2017-06-16,37.40779113769531,0.01718205216427271
115,2017-06-19,37.27238464355469,-0.0036197404343444317
116,2017-06-20,36.19818115234375,-0.02882035859749299
117,2017-06-21,35.94541931152344,-0.0069827221361354885
118,2017-06-22,34.26640319824219,-0.046710155158573685
119,2017-06-23,34.726783752441406,0.013435333482063161
120,2017-06-26,34.88926696777344,0.00467890192452991
121,2017-06-27,34.609432220458984,-0.008020654247993586
122,2017-06-28,35.02467727661133,0.01199803144724454
123,2017-06-29,34.61845779418945,-0.011598093516000496
124,2017-06-30,35.06980514526367,0.01303776597321371
125,2017-07-03,34.77191162109375,-0.008494302233388762
126,2017-07-05,33.941429138183594,-0.023883716603212535
127,2017-07-06,33.73381423950195,-0.0061168578917638605
128,2017-07-07,33.92338180541992,0.005619511762651186
129,2017-07-10,33.62548828125,-0.008781362833416795
130,2017-07-11,34.158084869384766,0.015839073731213293
131,2017-07-12,33.93240737915039,-0.006606854309816557
132,2017-07-13,34.293487548828125,0.010641159810535594
133,2017-07-14,34.28445053100586,-0.0002635199411957778
134,2017-07-17,33.57132339477539,-0.02080030816260381
135,2017-07-18,33.896297454833984,0.009680108711745516
136,2017-07-19,34.45596694946289,0.01651122797038984
137,2017-07-20,34.78996658325195,0.009693520842962933
138,2017-07-21,34.681636810302734,-0.003113822276603395
139,2017-07-24,34.717750549316406,0.0010412928089640339
140,2017-07-25,35.033695220947266,0.009100378527752362
141,2017-07-26,35.64753341674805,0.01752136598578824
142,2017-07-27,35.2142333984375,-0.012155119212455046
143,2017-07-28,35.394771575927734,0.005126852413553928
144,2017-07-31,35.11494064331055,-0.007905996285832884
145,2017-08-01,35.891258239746094,0.022107900005333914
146,2017-08-02,34.14002990722656,-0.04879261464788143
147,2017-08-03,34.81705093383789,0.019830709828055015
148,2017-08-04,35.33158874511719,0.01477832836149906
149,2017-08-07,34.293487548828125,-0.029381673260660435
150,2017-08-08,34.43791961669922,0.004211647114206407
151,2017-08-09,34.203208923339844,-0.00681547247835379
152,2017-08-10,33.23733139038086,-0.028239383477843272
153,2017-08-11,33.354679107666016,0.003530599851921945
154,2017-08-14,32.7588996887207,-0.01786194425742149
155,2017-08-15,32.533226013183594,-0.006888927213108187
156,2017-08-16,32.415870666503906,-0.0036072459162866943
157,2017-08-17,32.145057678222656,-0.008354333316152096
158,2017-08-18,31.16112518310547,-0.03060913764618234
159,2017-08-21,30.80004119873047,-0.011587642687908017
160,2017-08-22,31.034748077392575,0.007620343010183328
161,2017-08-23,29.725833892822266,-0.042175763157677904
162,2017-08-24,29.779998779296875,0.001822148595390205
163,2017-08-25,30.104961395263672,0.010912109781304302
164,2017-08-28,29.93345260620117,-0.005697027370693997
165,2017-08-29,29.550975799560547,-0.012777570688968454
166,2017-08-30,29.9971981048584,0.015100086992879902
167,2017-08-31,30.315937042236328,0.010625623642039672
168,2017-09-01,30.980712890625,0.02192826325844721
169,2017-09-05,31.0717830657959,0.002939576487229756
170,2017-09-06,30.989822387695312,-0.00263778483285082
171,2017-09-07,29.405271530151367,-0.05113133072273113
172,2017-09-08,29.569190979003903,0.0055744919302804785
173,2017-09-11,30.689308166503903,0.037881225370533844
174,2017-09-12,30.825904846191406,0.0044509533726340145
175,2017-09-13,31.654598236083984,0.026883019136905162
176,2017-09-14,32.15547180175781,0.01582309028022566
177,2017-09-15,32.328495025634766,0.005380833002347485
178,2017-09-18,33.157196044921875,0.025633764226574485
179,2017-09-19,32.08261489868164,-0.032408685727960074
180,2017-09-20,32.09172821044922,0.00028405763670935613
181,2017-09-21,32.61080551147461,0.0161748004850788
182,2017-09-22,33.23004531860352,0.018988792132442756
183,2017-09-25,32.929527282714844,-0.00904356382928062
184,2017-09-26,33.01149368286133,0.0024891459705074226
185,2017-09-27,33.157196044921875,0.004413685835009451
186,2017-09-28,33.09345245361328,-0.0019224662791821334
187,2017-09-29,32.975059509277344,-0.0035775337886516656
188,2017-10-02,33.421295166015625,0.013532520134277082
189,2017-10-03,34.10429000854492,0.020435917852273944
190,2017-10-04,34.08607482910156,-0.0005341022914945315
191,2017-10-05,34.51408386230469,0.012556712245368473
192,2017-10-06,34.31373596191406,-0.005804815830833587
193,2017-10-09,33.02059555053711,-0.037685794773622217
194,2017-10-10,32.78383255004883,-0.007170161426250488
195,2017-10-11,32.701866149902344,-0.0025002079918921005
196,2017-10-12,32.8748893737793,0.0052909281410373765
197,2017-10-13,32.82025146484375,-0.0016619952181230468
198,2017-10-16,32.81114196777344,-0.00027755719909916543
199,2017-10-17,32.27385711669922,-0.016375073187087863
200,2017-10-18,32.0552978515625,-0.006772021836324971
201,2017-10-19,32.6016960144043,0.017045487000993953
202,2017-10-20,32.69276428222656,0.002793359823428432
203,2017-10-23,32.665435791015625,-0.0008359186447196576
204,2017-10-24,33.12076568603516,0.013939195482730149
205,2017-10-25,32.8748893737793,-0.007423630075059973
206,2017-10-26,33.494140625,0.01883660334731374
207,2017-10-27,33.54878616333008,0.0016314954589189412
208,2017-10-30,32.9477424621582,-0.017915512598450922
209,2017-10-31,33.09345245361328,0.004422457521101153
210,2017-11-01,32.237430572509766,-0.025866804991210635
211,2017-11-02,32.04619216918945,-0.005932185038449944
212,2017-11-03,31.29944610595703,-0.02330217765935927
213,2017-11-06,31.34497833251953,0.0014547294673636912
214,2017-11-07,30.889650344848636,-0.014526345586862499
215,2017-11-08,30.61645126342773,-0.008844356552144217
216,2017-11-09,30.871437072753903,0.008328392050804378
217,2017-11-10,30.689308166503903,-0.00589959274719809
218,2017-11-13,30.92607307434082,0.007714898835527784
219,2017-11-14,31.22659492492676,0.009717426776543414
220,2017-11-15,30.72573471069336,-0.016039539867780728
221,2017-11-16,30.09737777709961,-0.020450509630126623
222,2017-11-17,30.68019294738769,0.019364317204123127
223,2017-11-20,29.942562103271484,-0.02404257513572816
224,2017-11-21,30.570913314819336,0.02098521861224434
225,2017-11-22,30.698413848876957,0.0041706485097328105
226,2017-11-24,31.181062698364254,0.01572227320484032
227,2017-11-27,31.78209686279297,0.01927561514637688
228,2017-11-28,32.95685195922852,0.03696279391215462
229,2017-11-29,33.694488525390625,0.02238188790223794
230,2017-11-30,33.14377212524414,-0.01634440599184317
231,2017-12-01,32.90513229370117,-0.0072001409689034235
232,2017-12-04,33.41912841796875,0.015620545745867354
233,2017-12-05,32.73991775512695,-0.02032400888338548
234,2017-12-06,32.13413619995117,-0.01850284291202653
235,2017-12-07,32.57470703125,0.013710367957533443
236,2017-12-08,33.079524993896484,0.015497237232623418
237,2017-12-11,33.36405563354492,0.00860141249612667
238,2017-12-12,33.48337936401367,0.0035764156426107974
239,2017-12-13,32.996917724609375,-0.01452845108959111
240,2017-12-14,33.15294647216797,0.00472858552610278
241,2017-12-15,32.44620132446289,-0.021317717515648038
242,2017-12-18,33.00609588623047,0.01725608973970849
243,2017-12-19,32.94184875488281,-0.0019465231988997633
244,2017-12-20,33.07033920288086,0.003900523281317181
245,2017-12-21,33.272274017333984,0.006106221445576709
246,2017-12-22,32.98773956298828,-0.008551698456122026
247,2017-12-26,31.61095428466797,-0.041736272219908166
248,2017-12-27,31.36313247680664,-0.007839744590739106
249,2017-12-28,31.83123779296875,0.014925336826870694
250,2017-12-29,31.95974349975586,0.004037094241289507
251,2018-01-02,32.24427795410156,0.008902901687802167
252,2018-01-03,32.0974235534668,-0.0045544329088034186
253,2018-01-04,31.197921752929688,-0.02802411224809831
254,2018-01-05,31.36313247680664,0.005295568249235716
255,2018-01-08,30.959278106689453,-0.012876723025540993
256,2018-01-09,31.12449073791504,0.0053364497278083345
257,2018-01-10,31.58341789245605,0.014744888788877697
258,2018-01-11,31.968917846679688,0.012205770621035894
259,2018-01-12,32.41866683959961,0.01406832083203069
260,2018-01-16,31.50081443786621,-0.028312465971371603
261,2018-01-17,31.62013816833496,0.0037879569972423255
262,2018-01-18,31.601778030395508,-0.0005806469864777508
263,2018-01-19,31.968917846679688,0.0116176949262492
264,2018-01-22,32.07905960083008,0.003445276273617459
265,2018-01-23,32.18002700805664,0.003147455333258886
266,2018-01-24,31.82205581665039,-0.011124017742950576
267,2018-01-25,33.19884490966797,0.04326524662486442
268,2018-01-26,33.55681610107422,0.010782639949681094
269,2018-01-29,34.236019134521484,0.020240389654414326
270,2018-01-30,34.03409576416016,-0.005897980415535908
271,2018-01-31,33.777095794677734,-0.007551250112925456
272,2018-02-01,34.052452087402344,0.008152160102764094
273,2018-02-02,34.17176818847656,0.003503891607217424
274,2018-02-05,33.36405563354492,-0.023636838178131447
275,2018-02-06,33.15294647216797,-0.0063274430331754505
276,2018-02-07,33.33652877807617,0.005537435596028262
277,2018-02-08,34.03409576416016,0.02092500364173322
278,2018-02-09,34.502201080322266,0.013754010666416683
279,2018-02-12,35.163063049316406,0.01915419736426771
280,2018-02-13,35.01620864868164,-0.004176382484904706
281,2018-02-14,35.667877197265625,0.018610482794473526
282,2018-02-15,36.09927368164063,0.01209481803442114
283,2018-02-16,35.82391357421875,-0.007627857276306549
284,2018-02-20,36.466407775878906,0.01793478538655635
285,2018-02-21,36.36545181274414,-0.0027684647129280204
286,2018-02-22,36.45723342895508,0.0025238684420463287
287,2018-02-23,38.79776763916016,0.06419944658626187
288,2018-02-26,39.72480392456055,0.023894062514686842
289,2018-02-27,39.75233840942383,0.0006931307934350261
290,2018-02-28,39.06394577026367,-0.017317035090367527
291,2018-03-01,37.53112411499024,-0.03923878208023335
292,2018-03-02,38.4030876159668,0.023233077120338175
293,2018-03-05,38.44898223876953,0.0011950763767143435
294,2018-03-06,38.494873046875,0.0011935506594293877
295,2018-03-07,38.485618591308594,-0.0002404074837482062
296,2018-03-08,37.73644256591797,-0.019466389077602453
297,2018-03-09,38.27289581298828,0.014215787461503204
298,2018-03-12,38.28214645385742,0.00024170214123175882
299,2018-03-13,37.54221725463867,-0.01932831013304359
300,2018-03-14,37.44972610473633,-0.0024636570950246073
301,2018-03-15,36.55255889892578,-0.023956575898617327
302,2018-03-16,36.17334365844727,-0.010374519647915914
303,2018-03-19,35.81262969970703,-0.009971816875601669
304,2018-03-20,36.21958923339844,0.011363575841925266
305,2018-03-21,36.2103385925293,-0.00025540435617665835
306,2018-03-22,35.50740432739258,-0.01941252947250105
307,2018-03-23,35.3316764831543,-0.00494904788359074
308,2018-03-26,35.96061325073242,0.01780093191666099
309,2018-03-27,35.03570556640625,-0.02572001978601779
310,2018-03-28,34.785972595214844,-0.007127956099473032
311,2018-03-29,34.84146881103516,0.0015953619140134379
312,2018-04-02,34.73047637939453,-0.003185641576783249
313,2018-04-03,35.4981575012207,0.022103961760848057
314,2018-04-04,35.165191650390625,-0.009379806566541582
315,2018-04-05,36.27508544921875,0.03156228493968105
316,2018-04-06,36.19184112548828,-0.0022948071024395666
317,2018-04-09,35.7293815612793,-0.012778006031953337
318,2018-04-10,36.0900993347168,0.010095830313178844
319,2018-04-11,35.821876525878906,-0.007432032989165949
320,2018-04-12,35.655391693115234,-0.004647574301234525
321,2018-04-13,35.92361831665039,0.007522750720109217
322,2018-04-16,36.33057403564453,0.011328361063382086
323,2018-04-17,36.70978927612305,0.01043790940672884
324,2018-04-18,37.052005767822266,0.009322213459879602
325,2018-04-19,37.36648178100586,0.008487422115665888
326,2018-04-20,36.691287994384766,-0.01806950385584094
327,2018-04-23,36.95951461791992,0.007310362709976426
328,2018-04-24,36.654296875,-0.008258164266365609
329,2018-04-25,36.728294372558594,0.002018794626205578
330,2018-04-26,36.5710563659668,-0.004281113764685873
331,2018-04-27,36.12710189819336,-0.01213950352789328
332,2018-04-30,36.22883605957031,0.0028160067105200692
333,2018-05-01,35.664642333984375,-0.015573056905782034
334,2018-05-02,35.886627197265625,0.006224227939886751
335,2018-05-03,35.840370178222656,-0.0012889764978106788
336,2018-05-04,35.8496208190918,0.0002581067333606857
337,2018-05-07,36.31207656860352,0.012899878407233833
338,2018-05-08,35.895870208740234,-0.01146192669749857
339,2018-05-09,34.01829147338867,-0.052306260425869056
340,2018-05-10,34.25877380371094,0.007069206591706401
341,2018-05-11,34.48075485229492,0.006479538638944016
342,2018-05-14,33.64833068847656,-0.0241417036078303
343,2018-05-15,33.66682815551758,0.0005497291147149586
344,2018-05-16,33.51884460449219,-0.004395529936524145
345,2018-05-17,33.60208511352539,0.0024833943417621462
346,2018-05-18,32.612430572509766,-0.029452176484645376
347,2018-05-21,32.68642044067383,0.0022687627651534203
348,2018-05-22,32.02973556518555,-0.02009044938647142
349,2018-05-23,32.00197982788086,-0.0008665615502256863
350,2018-05-24,31.90949821472168,-0.002889871615961992
351,2018-05-25,31.90024757385254,-0.0002899024236261427
352,2018-05-29,31.26205444335937,-0.02000589898293681
353,2018-05-30,31.26205444335937,0.0
354,2018-05-31,31.23430824279785,-0.0008875360578681768
355,2018-06-01,31.252805709838867,0.0005922163185823059
356,2018-06-04,31.21581077575684,-0.0011837316119871488
357,2018-06-05,31.62277603149414,0.013037151546720693
358,2018-06-06,31.62277603149414,0.0
359,2018-06-07,31.86552047729492,0.007676253519267817
360,2018-06-08,31.958885192871094,0.002929960476958149
361,2018-06-11,32.55642318725586,0.01869708504469525
362,2018-06-12,33.0512580871582,0.015199301749341032
363,2018-06-13,32.66845703125,-0.01158204189682377
364,2018-06-14,33.16330337524414,0.01514752727748303
365,2018-06-15,33.43405532836914,0.008164203368447032
366,2018-06-18,33.77950668334961,0.010332319893224362
367,2018-06-19,33.74216079711914,-0.0011055782010244153
368,2018-06-20,34.16230392456055,0.012451577418755022
369,2018-06-21,33.94756317138672,-0.006285897861222467
370,2018-06-22,33.41537857055664,-0.01567666574897597
371,2018-06-25,33.35002899169922,-0.001955673754209797
372,2018-06-26,32.48173141479492,-0.026035886719031454
373,2018-06-27,32.33234786987305,-0.004599001913236478
374,2018-06-28,32.98590469360352,0.02021371371979619
375,2018-06-29,32.75249099731445,-0.007076164757558789
376,2018-07-02,33.22865295410156,0.014538190601323997
377,2018-07-03,33.6114501953125,0.011520095073962011
378,2018-07-05,34.60111999511719,0.029444424267736746
379,2018-07-06,34.955909729003906,0.01025370664119496
380,2018-07-09,34.946563720703125,-0.00026736561494855593
381,2018-07-10,34.29301071166992,-0.01870149563935597
382,2018-07-11,33.99424362182617,-0.008712186059011695
383,2018-07-12,33.788841247558594,-0.006042269289842306
384,2018-07-13,33.9195556640625,0.0038685676003569203
385,2018-07-16,33.48073959350586,-0.012936964001022067
386,2018-07-17,33.50874710083008,0.0008365259448943618
387,2018-07-18,33.284671783447266,-0.0066870694003734465
388,2018-07-19,33.312679290771484,0.0008414536128353856
389,2018-07-20,32.659122467041016,-0.01961886097560217
390,2018-07-23,32.266990661621094,-0.012006807770651329
391,2018-07-24,32.1269416809082,-0.004340317390659765
392,2018-07-25,32.369686126708984,0.007555790657317152
393,2018-07-26,32.98590469360352,0.019036902751617513
394,2018-07-27,32.73381805419922,-0.007642253312312164
395,2018-07-30,32.547080993652344,-0.00570471370732506
396,2018-07-31,33.5367546081543,0.030407446206772493
397,2018-08-01,32.47239303588867,-0.0317371667205637
398,2018-08-02,32.715145111083984,0.007475644770837286
399,2018-08-03,33.12594985961914,0.01255702052184926
400,2018-08-06,33.57410430908203,0.013528802988656219
401,2018-08-07,33.58344268798828,0.0002781423093309865
402,2018-08-08,33.43405532836914,-0.004448244362766696
403,2018-08-09,33.39670944213867,-0.0011170013886643293
404,2018-08-10,34.33969497680664,0.02823588163084545
405,2018-08-13,34.358367919921875,0.0005437713738531968
406,2018-08-14,34.52642822265625,0.004891393651935694
407,2018-08-15,34.28367614746094,-0.007030906111394897
408,2018-08-16,34.51708984375,0.006808304199500181
409,2018-08-17,34.02225875854492,-0.014335828641552695
410,2018-08-20,34.79718399047852,0.022777007177366526
411,2018-08-21,35.17064666748047,0.010732554597065569
412,2018-08-22,34.74116897583008,-0.012211253768259378
413,2018-08-23,34.96524429321289,0.006449849673702879
414,2018-08-24,35.03059768676758,0.001869095865787207
415,2018-08-27,35.52543258666992,0.014125790953583017
416,2018-08-28,35.758846282958984,0.006570326644710356
417,2018-08-29,35.50675964355469,-0.007049630108576177
418,2018-08-30,35.282684326171875,-0.006310779120152321
419,2018-08-31,35.141441345214844,-0.004003181267369205
420,2018-09-04,35.70641326904297,0.0160770845531939
421,2018-09-05,35.72524642944336,0.000527444755049622
422,2018-09-06,35.932403564453125,0.005798620183597558
423,2018-09-07,35.744083404541016,-0.0052409563856287145
424,2018-09-10,35.89474105834961,0.0042148976686153805
425,2018-09-11,35.678165435791016,-0.006033631004790707
426,2018-09-12,36.516212463378906,0.023489072864357308
427,2018-09-13,36.13956832885742,-0.010314435948120537
428,2018-09-14,36.13956832885742,0.0
429,2018-09-17,36.1113166809082,-0.0007817372828623492
430,2018-09-18,36.15839385986328,0.0013036683035145824
431,2018-09-19,35.97948455810547,-0.004947932766350194
432,2018-09-20,36.07365417480469,0.002617314223808176
433,2018-09-21,36.29964065551758,0.006264585218281882
434,2018-09-24,36.61037826538086,0.008560349475967843
435,2018-09-25,37.316593170166016,0.019290019340034048
436,2018-09-26,37.38250732421875,0.0017663497241604542
437,2018-09-27,37.73090744018555,0.009319870198783553
438,2018-09-28,37.85332489013672,0.00324448729851623
439,2018-10-01,37.2036018371582,-0.017164226784945114
440,2018-10-02,36.516212463378906,-0.018476420019438722
441,2018-10-03,36.95877456665039,0.012119605879588935
442,2018-10-04,37.04352188110352,0.0022930228463149405
443,2018-10-05,37.01527404785156,-0.0007625579809237282
444,2018-10-08,37.9568977355957,0.025438787418589737
445,2018-10-09,37.97573471069336,0.0004962727783728305
446,2018-10-10,37.15652084350586,-0.021572034706594412
447,2018-10-11,36.86461639404297,-0.007856075941348739
448,2018-10-12,37.57083511352539,0.019157088519074827
449,2018-10-15,38.041648864746094,0.012531362419761827
450,2018-10-16,38.9832763671875,0.024752541767820935
451,2018-10-17,39.12451171875,0.0036229728417946916
452,2018-10-18,39.80248641967773,0.017328643122792364
453,2018-10-19,39.9343147277832,0.0033120621338946776
454,2018-10-22,39.727149963378906,-0.005187637895290309
455,2018-10-23,38.80436325073242,-0.02322811260050428
456,2018-10-24,37.82506942749024,-0.025236693536613952
457,2018-10-25,38.55012512207031,0.01916865469262352
458,2018-10-26,37.46725845336914,-0.028089835383730555
459,2018-10-29,38.19230651855469,0.019351511028967483
460,2018-10-30,38.7761116027832,0.01528593419580182
461,2018-10-31,39.143348693847656,0.009470704407558372
462,2018-11-01,39.70831680297852,0.014433310587442572
463,2018-11-02,38.182891845703125,-0.03841575468545111
464,2018-11-05,39.51057434082031,0.034771659005879973
465,2018-11-06,39.80248641967773,0.007388201354386004
466,2018-11-07,39.09627151489258,-0.017742984630126246
467,2018-11-08,39.4729118347168,0.009633663396284353
468,2018-11-09,38.4465446472168,-0.026001810856965957
469,2018-11-12,38.55953979492188,0.0029390195852949663
470,2018-11-13,39.209259033203125,0.01684976640636182
471,2018-11-14,38.91735458374024,-0.007444783621534223
472,2018-11-15,37.77799224853516,-0.029276458983188647
473,2018-11-16,36.3843879699707,-0.03688931559401487
474,2018-11-19,34.98136520385742,-0.03856112042536608
475,2018-11-20,34.03032302856445,-0.027187108614848965
476,2018-11-21,34.95311737060547,0.027116825816388523
477,2018-11-23,34.92486572265625,-0.0008082726255763673
478,2018-11-26,35.678165435791016,0.021569151306602974
479,2018-11-27,36.13014221191406,0.012668161902451347
480,2018-11-28,36.74220275878906,0.01694044112212678
481,2018-11-29,36.68571090698242,-0.0015375194616802368
482,2018-11-30,36.13014221191406,-0.015144007880262156
483,2018-12-03,36.24408721923828,0.0031537381352084726
484,2018-12-04,36.51945877075195,0.0075976958627199664
485,2018-12-06,37.63042831420898,0.03042130362421447
486,2018-12-07,36.96574401855469,-0.017663479408319915
487,2018-12-10,37.450008392333984,0.013100355116245632
488,2018-12-11,38.086204528808594,0.01698787700685367
489,2018-12-12,38.26662063598633,0.004737046114460242
490,2018-12-13,38.42804336547852,0.004218369085363882
491,2018-12-14,38.25712585449219,-0.0044477286902376845
492,2018-12-17,37.45950698852539,-0.02084889672581458
493,2018-12-18,37.31707763671875,-0.0038022217390706325
494,2018-12-19,35.484458923339844,-0.04910938448126689
495,2018-12-20,34.876747131347656,-0.017126139454601286
496,2018-12-21,34.67734146118164,-0.005717438883134474
497,2018-12-24,33.82275390625,-0.02464397554490383
498,2018-12-26,34.781795501708984,0.02835492337842327
499,2018-12-27,33.77527618408203,-0.02893810693520693
500,2018-12-28,33.689823150634766,-0.002530046918980844
501,2018-12-31,33.993675231933594,0.009019105856989507
502,2019-01-02,35.0286750793457,0.030446835781964277
503,2019-01-03,35.285057067871094,0.0073192031369910815
504,2019-01-04,36.16812896728516,0.02502679527244278
505,2019-01-07,37.23161697387695,0.02940400946794175
506,2019-01-08,38.01973724365234,0.0211680376473673
507,2019-01-09,37.26959609985352,-0.019730308470873426
508,2019-01-10,37.34556198120117,0.0020382802417315826
509,2019-01-11,37.64941787719727,0.008136332133629631
510,2019-01-14,37.8203353881836,0.004539711916498046
511,2019-01-15,37.88680267333984,0.0017574483270448304
512,2019-01-16,37.93428039550781,0.001253146711199804
513,2019-01-17,38.28561401367188,0.009261639195498717
514,2019-01-18,38.8553352355957,0.014880817158120285
515,2019-01-22,37.56395721435547,-0.03323553930007517
516,2019-01-23,37.905792236328125,0.009100080165196811
517,2019-01-24,37.94377136230469,0.001001934631514212
518,2019-01-25,37.91529083251953,-0.0007505982869550065
519,2019-01-28,38.06721878051758,0.004007036334473746
520,2019-01-29,38.295108795166016,0.005986516009020004
521,2019-01-30,38.15267181396485,-0.003719456235600105
522,2019-01-31,38.8553352355957,0.01841714847801712
523,2019-02-01,37.22212219238281,-0.0420331733933077
524,2019-02-04,37.43102264404297,0.005612266022352319
525,2019-02-05,37.79184722900391,0.00963972019659387
526,2019-02-06,36.87078857421875,-0.024371887650897484
527,2019-02-07,36.55743789672852,-0.008498616102540657
528,2019-02-08,36.64290237426758,0.0023378136558827034
529,2019-02-11,34.68683242797852,-0.05338195993073691
530,2019-02-12,34.61087417602539,-0.002189829587664005
531,2019-02-13,34.95271301269531,0.009876631111118028
532,2019-02-14,35.31353759765625,0.01032322111390549
533,2019-02-15,35.427486419677734,0.00322677448291242
534,2019-02-19,34.91472625732422,-0.01447351235363703
535,2019-02-20,35.285057067871094,0.010606722441914851
536,2019-02-21,35.03817367553711,-0.006996825649427274
537,2019-02-22,36.358036041259766,0.03766926832274242
538,2019-02-25,35.978214263916016,-0.010446707762562402
539,2019-02-26,35.26605987548828,-0.019794044896274454
540,2019-02-27,35.978214263916016,0.020193761110316677
541,2019-02-28,35.73134231567383,-0.006861706543611956
542,2019-03-01,36.54794692993164,0.022854014468401296
543,2019-03-04,37.21262741088867,0.01818653404064885
544,2019-03-05,37.260101318359375,0.001275747260372384
545,2019-03-06,37.06069946289063,-0.005351618713137829
546,2019-03-07,36.6488037109375,-0.011114084675211466
547,2019-03-08,37.28101348876953,0.017250488796810348
548,2019-03-11,37.683326721191406,0.01079137058715074
549,2019-03-12,37.520484924316406,-0.004321322214459022
550,2019-03-13,38.43048095703125,0.024253312145363193
551,2019-03-14,38.43048095703125,0.0
552,2019-03-15,38.6220588684082,0.004985051100223181
553,2019-03-18,39.072265625,0.01165672596910805
554,2019-03-19,38.48794937133789,-0.014954757404398888
555,2019-03-20,38.258056640625,-0.005973109361968043
556,2019-03-21,38.20058822631836,-0.001502125809642374
557,2019-03-22,38.16226959228516,-0.0010030901567844586
558,2019-03-25,38.81363296508789,0.017068255629492324
559,2019-03-26,38.68910598754883,-0.0032083308885584305
560,2019-03-27,39.0339469909668,0.008913129280602838
561,2019-03-28,38.56458282470703,-0.012024512057886017
562,2019-03-29,38.30595779418945,-0.006706283630582566
563,2019-04-01,38.30595779418945,0.0
564,2019-04-02,37.48217010498047,-0.021505471645821728
565,2019-04-03,37.73122024536133,0.006644496294726743
566,2019-04-04,38.22932434082031,0.013201377856848495
567,2019-04-05,38.33469009399414,0.00275615002332974
568,2019-04-08,38.99563217163086,0.01724135700630769
569,2019-04-09,38.890262603759766,-0.002702086413353455
570,2019-04-10,39.014793395996094,0.0032021072602448353
571,2019-04-11,39.34047317504883,0.008347597172875476
572,2019-04-12,40.40372848510742,0.0270270086820652
573,2019-04-15,39.87689208984375,-0.013039301446099438
574,2019-04-16,39.98226165771485,0.0026423716179710954
575,2019-04-17,40.39414596557617,0.010301676062935972
576,2019-04-18,40.47078323364258,0.0018972369939871392
577,2019-04-22,39.13931655883789,-0.03289945408562944
578,2019-04-23,39.31173706054688,0.004405301800551209
579,2019-04-24,39.75236511230469,0.011208562243870457
580,2019-04-25,39.27341842651367,-0.012048256360041476
581,2019-04-26,39.78110122680664,0.012926880842901944
582,2019-04-29,40.05888748168945,0.006982869913506162
583,2019-04-30,40.279205322265625,0.005499849207666552
584,2019-05-01,40.08762741088867,-0.004756248536786578
585,2019-05-02,40.20257568359375,0.0028674251914908577
586,2019-05-03,40.60488510131836,0.010007055788935126
587,2019-05-06,40.576148986816406,-0.0007077009189965233
588,2019-05-07,39.85773086547852,-0.017705428910252285
589,2019-05-08,39.27341842651367,-0.014659952442775293
590,2019-05-09,39.51288986206055,0.006097544984401182
591,2019-05-10,39.08184051513672,-0.010909081781378727
592,2019-05-13,37.90363693237305,-0.030147085378625982
593,2019-05-14,38.46879577636719,0.014910412027280717
594,2019-05-15,38.60289764404297,0.0034859907873219242
595,2019-05-16,38.31553268432617,-0.007444129255958609
596,2019-05-17,38.507110595703125,0.005000006471404861
597,2019-05-20,37.57795715332031,-0.024129399168331567
598,2019-05-21,37.80785369873047,0.006117856393102139
599,2019-05-22,37.76953506469727,-0.001013509900311571
600,2019-05-23,36.84038162231445,-0.02460060577370693
601,2019-05-24,36.66796112060547,-0.004680204007565081
602,2019-05-28,36.562591552734375,-0.0028736140393659237
603,2019-05-29,36.236915588378906,-0.00890735449881186
604,2019-05-30,36.38059997558594,0.003965138447189265
605,2019-05-31,36.39017868041992,0.000263291557599743
606,2019-06-03,36.65838623046875,0.007370327922933129
607,2019-06-04,36.66796112060547,0.0002611923524544757
608,2019-06-05,36.38059997558594,-0.007836845470473919
609,2019-06-06,35.89207458496094,-0.013428184003365429
610,2019-06-07,35.97907257080078,0.0024238773279574577
611,2019-06-10,36.24974060058594,0.007522929593377636
612,2019-06-11,36.143402099609375,-0.002933496880660247
613,2019-06-12,36.73307037353516,0.016314686489686148
614,2019-06-13,36.9747314453125,0.006578842152858755
615,2019-06-14,36.86840057373047,-0.0028757713017956155
616,2019-06-17,37.03273391723633,0.00445729516194282
617,2019-06-18,36.92639923095703,-0.0028713701374827316
618,2019-06-19,37.07139587402344,0.003926639100647833
619,2019-06-20,35.940406799316406,-0.030508402719724215
620,2019-06-21,35.58274459838867,-0.009951534575689203
621,2019-06-24,34.915748596191406,-0.018744928468150568
622,2019-06-25,34.26808547973633,-0.018549312058161793
623,2019-06-26,34.07475662231445,-0.005641659133137078
624,2019-06-27,34.055419921875,-0.0005674787542514492
625,2019-06-28,34.89641571044922,0.02469491759324982
626,2019-07-01,34.915748596191406,0.0005540077784091935
627,2019-07-02,35.21541213989258,0.008582475122239197
628,2019-07-03,36.15307235717773,0.02662641611463501
629,2019-07-05,35.92107391357422,-0.006417115572127763
630,2019-07-08,35.6987419128418,-0.00618945862440945
631,2019-07-09,36.19173812866211,0.013809904478537582
632,2019-07-10,36.77173614501953,0.016025702172565603
633,2019-07-11,36.32707595825195,-0.012092444724772777
634,2019-07-12,37.11006546020508,0.021553881816773757
635,2019-07-15,36.80073547363281,-0.008335474021299527
636,2019-07-16,36.94573593139648,0.00394015108387058
637,2019-07-17,36.52040100097656,-0.011512422738302108
638,2019-07-18,35.25408172607422,-0.034674298205774945
639,2019-07-19,35.73740768432617,0.013709787195917311
640,2019-07-22,35.70840835571289,-0.0008114558523504289
641,2019-07-23,36.037071228027344,0.0092040751029967
642,2019-07-24,37.0810661315918,0.028970026364198542
643,2019-07-25,37.35173034667969,0.007299256556630995
644,2019-07-26,37.55472946166992,0.005434798150075082
645,2019-07-29,38.00905990600586,0.012097822320878304
646,2019-07-30,38.28939056396485,0.007375364154026176
647,2019-07-31,38.58905029296875,0.007826181733117332
648,2019-08-01,38.00905990600586,-0.015029921248633782
649,2019-08-02,39.729713439941406,0.045269563051299366
650,2019-08-05,38.25072479248047,-0.03722626013139241
651,2019-08-06,38.1057243347168,-0.003790789809875128
652,2019-08-07,37.15839767456055,-0.02486048163879606
653,2019-08-08,38.1057243347168,0.025494281762445503
654,2019-08-09,38.64705276489258,0.01420596090552717
655,2019-08-12,36.94573593139648,-0.04402190365837144
656,2019-08-13,36.858734130859375,-0.0023548536344939475
657,2019-08-14,35.47641372680664,-0.03750319799766022
658,2019-08-15,35.89207458496094,0.011716541061765007
659,2019-08-16,36.60740280151367,0.019929976877192335
660,2019-08-19,36.510738372802734,-0.0026405705216252517
661,2019-08-20,36.46240615844727,-0.001323780797363061
662,2019-08-21,36.27873611450195,-0.005037244200154611
663,2019-08-22,36.53007125854492,0.006927891403099462
664,2019-08-23,35.76640701293945,-0.020905085024350623
665,2019-08-26,36.35607147216797,0.016486544455393215
666,2019-08-27,35.9500732421875,-0.011167274503002256
667,2019-08-28,36.34640502929688,0.011024505692641684
668,2019-08-29,36.65573501586914,0.008510607481618138
669,2019-08-30,36.88773727416992,0.00632922128557345
670,2019-09-03,37.07305145263672,0.005023733960406451
671,2019-09-04,37.824066162109375,0.02025769878781425
672,2019-09-05,37.96062088012695,0.0036102601299479176
673,2019-09-06,37.56072235107422,-0.010534562390735025
674,2019-09-09,38.28248596191406,0.0192159140096837
675,2019-09-10,37.55097198486328,-0.019108319605433688
676,2019-09-11,38.2044563293457,0.017402594658424198
677,2019-09-12,37.96062088012695,-0.006382382387979502
678,2019-09-13,38.389774322509766,0.011305227165224752
679,2019-09-16,38.40928268432617,0.0005081655769194615
680,2019-09-17,37.53146362304688,-0.022854346656088542
681,2019-09-18,37.62900161743164,0.0025988326851411614
682,2019-09-19,36.8292121887207,-0.021254601353559055
683,2019-09-20,36.98526763916016,0.0042372736522247045
684,2019-09-23,36.76094055175781,-0.006065309289930099
685,2019-09-24,37.12181854248047,0.009816886763671206
686,2019-09-25,37.54122161865234,0.011298020750031945
687,2019-09-26,37.74604034423828,0.005455835392532471
688,2019-09-27,37.404666900634766,-0.009043953762838175
689,2019-09-30,37.68751907348633,0.007561948716264588
690,2019-10-01,37.47294235229492,-0.0056935751269009405
691,2019-10-02,37.33639526367188,-0.0036438848953818104
692,2019-10-03,37.08280563354492,-0.006792022323957481
693,2019-10-04,37.043792724609375,-0.0010520484701475041
694,2019-10-07,36.29277038574219,-0.02027390511685534
695,2019-10-08,35.766082763671875,-0.014512191173954192
696,2019-10-09,35.444217681884766,-0.008999170636434184
697,2019-10-10,34.99555587768555,-0.012658251007992338
698,2019-10-11,35.80509567260742,0.023132645692251153
699,2019-10-14,34.91752624511719,-0.024788913723508554
700,2019-10-15,34.47861862182617,-0.012569837284861829
701,2019-10-16,34.839500427246094,0.010466829004323053
702,2019-10-17,35.67830276489258,0.02407618729775196
703,2019-10-18,35.668548583984375,-0.0002733925145621541
704,2019-10-21,35.317420959472656,-0.009844180333970165
705,2019-10-22,35.68805694580078,0.01049442389220423
706,2019-10-23,35.83435821533203,0.00409944620278524
707,2019-10-24,35.51249313354492,-0.008982024454100457
708,2019-10-25,36.17572784423828,0.018676095429269512
709,2019-10-28,36.09769821166992,-0.0021569609574776383
710,2019-10-29,36.26351165771485,0.004593463136420173
711,2019-10-30,35.736820220947266,-0.014524005334589085
712,2019-10-31,35.69780731201172,-0.0010916726416716482
713,2019-11-01,35.844112396240234,0.004098433356137354
714,2019-11-04,35.89287567138672,0.0013604263541924233
715,2019-11-05,35.766082763671875,-0.003532536898845362
716,2019-11-06,35.35643768310547,-0.01145345111661178
717,2019-11-07,35.09309005737305,-0.007448364229812099
718,2019-11-08,35.41495895385742,0.009171859644111047
719,2019-11-11,35.132102966308594,-0.007986907112256247
720,2019-11-12,34.585906982421875,-0.015546919705049178
721,2019-11-13,33.74710464477539,-0.024252720568317065
722,2019-11-14,33.40573501586914,-0.010115523464887866
723,2019-11-15,33.27893829345703,-0.0037956573130893956
724,2019-11-18,33.2886962890625,0.0002932183568904456
725,2019-11-19,33.4740104675293,0.005566880026109278
726,2019-11-20,33.044857025146484,-0.0128204967492348
727,2019-11-21,32.54742813110352,-0.015053141058060215
728,2019-11-22,32.235313415527344,-0.009589535440986507
729,2019-11-25,32.401123046875,0.005143726360290035
730,2019-11-26,32.2938346862793,-0.003311254379685824
731,2019-11-27,33.12288284301758,0.025672025784244212
732,2019-11-29,33.03510284423828,-0.002650131608269768
733,2019-12-02,33.44474792480469,0.012400296814509604
734,2019-12-03,33.50385284423828,0.0017672406910191896
735,2019-12-04,33.37579345703125,-0.003822228679262296
736,2019-12-05,33.681175231933594,0.009149798200168702
737,2019-12-06,33.710731506347656,0.0008775309712483192
738,2019-12-09,33.819095611572266,0.0032145284419058395
739,2019-12-10,33.64177322387695,-0.005243262260231307
740,2019-12-11,33.61221694946289,-0.0008785587554310803
741,2019-12-12,34.19343948364258,0.01729200234110051
742,2019-12-13,33.88805389404297,-0.008931116442547404
743,2019-12-16,34.29195022583008,0.011918546076737258
744,2019-12-17,34.6071891784668,0.009192797451317514
745,2019-12-18,34.96183395385742,0.01024771973134686
746,2019-12-19,34.7056999206543,-0.007326104046520232
747,2019-12-20,34.34120559692383,-0.010502434025643992
748,2019-12-23,33.277278900146484,-0.030981052595097203
749,2019-12-24,33.49400329589844,0.006512683816554565
750,2019-12-26,33.474300384521484,-0.0005882519089429605
751,2019-12-27,33.484153747558594,0.0002943560559569569
752,2019-12-30,33.50385284423828,0.0005883110210340714
753,2019-12-31,33.34623718261719,-0.00470440406820849
754,2020-01-02,33.56296157836914,0.006499215925475532
755,2020-01-03,33.41519546508789,-0.004402654185811872
756,2020-01-06,33.434898376464844,0.0005896392674864526
757,2020-01-07,33.385643005371094,-0.0014731724481155117
758,2020-01-08,31.63213348388672,-0.05252286203390688
759,2020-01-09,30.538652420043945,-0.03456867885309689
760,2020-01-10,30.66671562194824,0.004193479140560896
761,2020-01-13,30.942550659179688,0.008994606420585693
762,2020-01-14,31.15927505493164,0.007004089550958215
763,2020-01-15,31.720792770385746,0.018020885096466044
764,2020-01-16,31.8784122467041,0.004968963968186468
765,2020-01-17,31.947370529174805,0.0021631655283531614
766,2020-01-21,31.533618927001957,-0.012951037763655804
767,2020-01-22,31.8784122467041,0.010934150009877186
768,2020-01-23,31.81930351257324,-0.001854193166002882
769,2020-01-24,31.74049568176269,-0.0024767302269644853
770,2020-01-27,31.405553817749023,-0.010552508926510495
771,2020-01-28,32.03602981567383,0.020075302654541494
772,2020-01-29,31.947370529174805,-0.0027674867019772398
773,2020-01-30,32.02617645263672,0.0024667420872697132
774,2020-01-31,31.041061401367188,-0.030759683495980572
775,2020-02-03,30.61746025085449,-0.01364647764570448
776,2020-02-04,30.7258243560791,0.0035392911213656397
777,2020-02-05,31.701091766357425,0.03174096808521809
778,2020-02-06,31.178977966308597,-0.016469899645630393
779,2020-02-07,31.03120994567871,-0.004739347799968319
780,2020-02-10,31.10016822814941,0.0022222234515318906
781,2020-02-11,31.070615768432617,-0.0009502347222046792
782,2020-02-12,30.873592376708984,-0.0063411486013678076
783,2020-02-13,30.5583553314209,-0.010210572240563098
784,2020-02-14,30.312074661254883,-0.00805935618900222
785,2020-02-18,31.23808479309082,0.030549216514683897
786,2020-02-19,31.64198303222656,0.012929673563888633
787,2020-02-20,32.18379592895508,0.01712322821792478
788,2020-02-21,28.70633125305176,-0.10805017169446796
789,2020-02-24,28.263029098510746,-0.015442661433577975
790,2020-02-25,26.598180770874023,-0.05890551652598508
791,2020-02-26,25.100801467895508,-0.056296305220175036
792,2020-02-27,24.7954158782959,-0.012166368073553535
793,2020-02-28,25.57365608215332,0.03138645496721182
794,2020-03-02,24.371814727783203,-0.04699528884369519
795,2020-03-03,23.79059410095215,-0.023848065206588
796,2020-03-04,23.82999992370605,0.001656361442118337
797,2020-03-05,23.07999992370605,-0.03147293337814494
798,2020-03-06,23.57999992370605,0.021663778234524145
799,2020-03-09,21.01000022888184,-0.10899065746987024
800,2020-03-10,22.01000022888184,0.04759638215640427
801,2020-03-11,19.489999771118164,-0.11449343169278547
802,2020-03-12,14.68000030517578,-0.24679320279265604
803,2020-03-13,14.699999809265137,0.0013623640104629686
804,2020-03-16,10.130000114440918,-0.3108843370150136
805,2020-03-17,6.960000038146973,-0.31293188948486994
806,2020-03-18,6.579999923706055,-0.05459771729284202
807,2020-03-19,11.390000343322754,0.7310031117610654
808,2020-03-20,11.420000076293944,0.0026338658531099846
809,2020-03-23,12.289999961853027,0.0761821260724036
810,2020-03-24,11.579999923706056,-0.05777054844188301
811,2020-03-25,11.630000114440918,0.004317805791388851
812,2020-03-26,12.68000030517578,0.09028376443703401
813,2020-03-27,12.300000190734863,-0.029968462562718234
814,2020-03-30,10.100000381469728,-0.17886177033739514
815,2020-03-31,10.1899995803833,0.00891081143706618
816,2020-04-01,8.029999732971191,-0.2119725158350655
817,2020-04-02,8.40999984741211,0.04732255629855597
818,2020-04-03,8.390000343322754,-0.0023780623605492712
819,2020-04-06,9.279999732971191,0.1060785879891828
820,2020-04-07,10.850000381469728,0.16918110923219465
821,2020-04-08,11.350000381469728,0.04608294768854848
822,2020-04-09,12.5,0.10132154888803235
823,2020-04-13,10.800000190734863,-0.1359999847412109
824,2020-04-14,11.390000343322754,0.0546296427933437
825,2020-04-15,11.43000030517578,0.003511849047175497
826,2020-04-16,11.609999656677246,0.015747974339069604
827,2020-04-17,13.479999542236328,0.16106803969486694
828,2020-04-20,13.520000457763672,0.0029674270686739224
829,2020-04-21,13.529999732971191,0.0007395913364616202
830,2020-04-22,12.529999732971191,-0.07390983146607943
831,2020-04-23,12.84000015258789,0.024740656522200144
832,2020-04-24,12.199999809265137,-0.04984426290631794
833,2020-04-27,13.25,0.08606559075004694
834,2020-04-28,14.109999656677246,0.06490563446620734
835,2020-04-29,15.34000015258789,0.08717225555201025
836,2020-04-30,14.279999732971191,-0.06910041780135678
837,2020-05-01,13.520000457763672,-0.05322123875484053
838,2020-05-04,13.699999809265137,0.013313561050813716
839,2020-05-05,13.239999771118164,-0.03357664558767948
840,2020-05-06,12.789999961853027,-0.03398790158945242
841,2020-05-07,13.609999656677246,0.06411256429006396
842,2020-05-08,14.130000114440918,0.038207235185972355
843,2020-05-11,13.579999923706056,-0.03892428777638568
844,2020-05-12,13.079999923706056,-0.03681885145869335
845,2020-05-13,12.18000030517578,-0.06880731068653345
846,2020-05-14,11.989999771118164,-0.015599386641794832
847,2020-05-15,11.880000114440918,-0.009174283467645816
848,2020-05-18,13.289999961853027,0.11868685469945084
849,2020-05-19,12.979999542236328,-0.02332584051967712
850,2020-05-20,13.960000038146973,0.07550081128445085
851,2020-05-21,14.220000267028809,0.01862465817846437
852,2020-05-22,14.039999961853027,-0.012658249071424987
853,2020-05-26,15.449999809265137,0.10042733983213026
854,2020-05-27,17.239999771118164,0.11585760413923052
855,2020-05-28,15.300000190734863,-0.11252897947442808
856,2020-05-29,15.029999732971191,-0.017647088522729226
857,2020-06-01,15.619999885559082,0.039254834535599636
858,2020-06-02,15.949999809265137,0.02112675583379131
859,2020-06-03,16.34000015258789,0.024451432475642187
860,2020-06-04,16.719999313354492,0.023255762375645972
861,2020-06-05,17.639999389648438,0.05502393026769625
862,2020-06-08,19.65999984741211,0.11451250156783188
863,2020-06-09,18.15999984741211,-0.07629705043957302
864,2020-06-10,17.06999969482422,-0.06002203533846506
865,2020-06-11,14.970000267028809,-0.12302281577849994
866,2020-06-12,15.640000343322754,0.04475618332282938
867,2020-06-15,15.329999923706056,-0.01982099826161754
868,2020-06-16,15.3100004196167,-0.0013045990990796508
869,2020-06-17,14.710000038146973,-0.03919009569071896
870,2020-06-18,15.359999656677246,0.04418760141703948
871,2020-06-19,14.0600004196167,-0.08463536888787726
872,2020-06-22,14.170000076293944,0.007823588434874518
873,2020-06-23,13.960000038146973,-0.014820044955278111
874,2020-06-24,12.8100004196167,-0.08237819594468443
875,2020-06-25,12.369999885559082,-0.034348206061244
876,2020-06-26,11.390000343322754,-0.07922389258712881
877,2020-06-29,11.649999618530272,0.02282697694209812
878,2020-06-30,11.550000190734863,-0.008583642151914872
879,2020-07-01,12.829999923706056,0.11082248587302868
880,2020-07-02,12.270000457763672,-0.04364765933534187
881,2020-07-06,12.59000015258789,0.026079843755975052
882,2020-07-07,12.220000267028809,-0.02938839404882998
883,2020-07-08,13.0,0.06382976398746365
884,2020-07-09,12.84000015258789,-0.012307680570162294
885,2020-07-10,13.039999961853027,0.01557630894769324
886,2020-07-13,12.68000030517578,-0.02760733571552021
887,2020-07-14,12.329999923706056,-0.027602553079344783
888,2020-07-15,14.25,0.15571776870837528
889,2020-07-16,13.729999542236328,-0.03649126019394189
890,2020-07-17,13.59000015258789,-0.010196605558344674
891,2020-07-20,12.93000030517578,-0.048565109639563175
892,2020-07-21,12.81999969482422,-0.008507394257951106
893,2020-07-22,12.649999618530272,-0.013260536688045499
894,2020-07-23,12.56999969482422,-0.006324104831502475
895,2020-07-24,12.210000038146973,-0.0286395915208717
896,2020-07-27,12.079999923706056,-0.010647019986467221
897,2020-07-28,12.390000343322754,0.025662286554186675
898,2020-07-29,11.489999771118164,-0.07263926935156384
899,2020-07-30,11.869999885559082,0.033072247346436434
900,2020-07-31,11.829999923706056,-0.003369836751362487
901,2020-08-03,11.859999656677246,0.002535903057029998
902,2020-08-04,12.300000190734863,0.03709954020191675
903,2020-08-05,11.5,-0.06504066490482452
904,2020-08-06,10.5,-0.08695652173913049
905,2020-08-07,11.0600004196167,0.05333337329682841
906,2020-08-10,11.039999961853027,-0.0018083595845256317
907,2020-08-11,11.869999885559082,0.07518115276938309
908,2020-08-12,11.470000267028809,-0.033698367513626426
909,2020-08-13,11.8100004196167,0.02964255838469687
910,2020-08-14,12.670000076293944,0.07281961271133941
911,2020-08-17,12.789999961853027,0.009471182702169623
912,2020-08-18,11.039999961853027,-0.1368256454432748
913,2020-08-19,11.149999618530272,0.009963737052294475
914,2020-08-20,12.399999618530272,0.11210762715387146
915,2020-08-21,12.369999885559082,-0.0024193333785558213
916,2020-08-24,13.649999618530272,0.10347613135109879
917,2020-08-25,13.609999656677246,-0.0029304002176472332
918,2020-08-26,13.119999885559082,-0.036002923106450146
919,2020-08-27,14.220000267028809,0.08384149322138912
920,2020-08-28,15.260000228881836,0.0731364235107943
921,2020-08-31,14.649999618530272,-0.039973827077475876
922,2020-09-01,14.760000228881836,0.007508574280945979
923,2020-09-02,16.079999923706055,0.08943087224628155
924,2020-09-03,15.850000381469728,-0.014303454187039377
925,2020-09-04,15.84000015258789,-0.0006309292518080767
926,2020-09-08,14.3100004196167,-0.0965908913025626
927,2020-09-09,13.739999771118164,-0.03983232926514502
928,2020-09-10,12.739999771118164,-0.07278020499694815
929,2020-09-11,12.039999961853027,-0.05494504096083663
930,2020-09-14,12.109999656677246,0.005813928159966952
931,2020-09-15,12.390000343322754,0.023121444639440547
932,2020-09-16,12.5,0.008878099566520747
933,2020-09-17,11.989999771118164,-0.040800018310546915
934,2020-09-18,11.600000381469728,-0.032527055637471936
935,2020-09-21,11.15999984741211,-0.037931079274832746
936,2020-09-22,11.170000076293944,0.0008960778690469962
937,2020-09-23,10.5,-0.05998210131760717
938,2020-09-24,9.9399995803833,-0.05333337329682852
939,2020-09-25,10.43000030517578,0.04929584964565792
940,2020-09-28,10.3100004196167,-0.011505261941318623
941,2020-09-29,9.850000381469728,-0.04461687870271425
942,2020-09-30,10.0,0.015228387078284555
943,2020-10-01,10.0600004196167,0.006000041961669922
944,2020-10-02,10.09000015258789,0.002982080687858879
945,2020-10-05,8.329999923706055,-0.17443014888661124
946,2020-10-06,8.600000381469727,0.032413020436565354
947,2020-10-07,8.430000305175781,-0.019767449855030428
948,2020-10-08,8.770000457763672,0.04033216373422199
949,2020-10-09,8.430000305175781,-0.038768544451660114
950,2020-10-12,8.59000015258789,0.018979815138781664
951,2020-10-13,7.929999828338623,-0.07683356373985983
952,2020-10-14,8.0600004196167,0.01639351754000118
953,2020-10-15,7.869999885559082,-0.02357326602554355
954,2020-10-16,7.860000133514404,-0.0012706165425778737
955,2020-10-19,8.390000343322754,0.06743005099306187
956,2020-10-20,8.649999618530273,0.03098918528822736
957,2020-10-21,8.609999656677246,-0.004624273250525723
958,2020-10-22,9.3100004196167,0.08130090486084818
959,2020-10-23,9.359999656677246,0.005370487089903397
960,2020-10-26,8.65999984741211,-0.07478630715181389
961,2020-10-27,8.449999809265137,-0.024249427465027895
962,2020-10-28,8.239999771118164,-0.02485207608131712
963,2020-10-29,8.420000076293945,0.021844697836848948
964,2020-10-30,8.1899995803833,-0.027315973138551164
965,2020-11-02,8.319999694824219,0.015873030659524723
966,2020-11-03,8.640000343322754,0.03846161781683777
967,2020-11-04,8.539999961853027,-0.011574117765748682
968,2020-11-05,9.06999969482422,0.062060858938949304
969,2020-11-06,9.010000228881836,-0.006615156335299854
970,2020-11-09,13.079999923706056,0.4517202654199397
971,2020-11-10,13.5600004196167,0.03669728583413012
972,2020-11-11,13.170000076293944,-0.028761086375672873
973,2020-11-12,12.329999923706056,-0.06378133240104467
974,2020-11-13,13.640000343322754,0.10624496575203124
975,2020-11-16,14.260000228881836,0.045454535920344874
976,2020-11-17,14.800000190734863,0.037868159409936375
977,2020-11-18,14.90999984741211,0.007432409139163987
978,2020-11-19,14.520000457763672,-0.026156900981868847
979,2020-11-20,14.6899995803833,0.01170792818596178
980,2020-11-23,15.65999984741211,0.06603133388268612
981,2020-11-24,16.950000762939453,0.08237553819264698
982,2020-11-25,16.610000610351562,-0.02005900514950354
983,2020-11-27,16.780000686645508,0.010234802531433829
984,2020-11-30,15.449999809265137,-0.07926107407366567
985,2020-12-01,16.270000457763672,0.05307447628619344
986,2020-12-02,17.040000915527344,0.04732639435152852
987,2020-12-03,13.300000190734863,-0.21948359881744395
988,2020-12-04,14.449999809265137,0.08646613549159143
989,2020-12-07,13.800000190734863,-0.04498267315640403
990,2020-12-08,15.020000457763672,0.08840581522947377
991,2020-12-09,15.149999618530272,0.008655070359828487
992,2020-12-10,14.989999771118164,-0.010561046299724541
993,2020-12-11,16.25,0.08405605391065651
994,2020-12-14,15.699999809265137,-0.03384616558368392
995,2020-12-15,16.25,0.03503185970806744
996,2020-12-16,15.970000267028809,-0.017230752798227167
997,2020-12-17,16.670000076293945,0.04383217267130135
998,2020-12-18,16.229999542236328,-0.026394752972037083
999,2020-12-21,16.1200008392334,-0.006777492674394314
1000,2020-12-22,15.520000457763672,-0.037220865399052894
1001,2020-12-23,16.579999923706055,0.06829893264675335
1002,2020-12-24,16.510000228881836,-0.004221935774808672
1003,2020-12-28,16.969999313354492,0.02786184603849695
1004,2020-12-29,17.420000076293945,0.026517429649235646
1005,2020-12-30,17.780000686645508,0.020665936209809166
1006,2020-12-31,17.40999984741211,-0.020809945159974252
1007,2021-01-04,16.15999984741211,-0.07179781797561613
1008,2021-01-05,16.59000015258789,0.026608930026979172
1009,2021-01-06,17.15999984741211,0.034358028305099486
1010,2021-01-07,17.1200008392334,-0.002330944553285863
1011,2021-01-08,17.469999313354492,0.020443835103034047
1012,2021-01-11,16.899999618530273,-0.032627345004444086
1013,2021-01-12,17.719999313354492,0.048520693096650636
1014,2021-01-13,17.690000534057617,-0.0016929334344988334
1015,2021-01-14,18.979999542236328,0.07292249684759167
1016,2021-01-15,19.11000061035156,0.006849371509516589
1017,2021-01-19,19.479999542236328,0.01936153427877696
1018,2021-01-20,19.239999771118164,-0.01232031708203063
1019,2021-01-21,18.56999969482422,-0.03482328920292954
1020,2021-01-22,19.559999465942383,0.053311781765623456
1021,2021-01-25,21.239999771118164,0.08588958849927253
1022,2021-01-26,20.989999771118164,-0.011770244947928221
1023,2021-01-27,22.020000457763672,0.049071019431966345
1024,2021-01-28,21.270000457763672,-0.03405994479603058
1025,2021-01-29,20.239999771118164,-0.04842504299380734
1026,2021-02-01,20.450000762939453,0.010375543191505132
1027,2021-02-02,18.850000381469727,-0.07823962453680344
1028,2021-02-03,19.790000915527344,0.049867401328101524
1029,2021-02-04,20.190000534057617,0.020212208187238234
1030,2021-02-05,19.81999969482422,-0.018325944994863175
1031,2021-02-08,19.809999465942383,-0.000504552423603033
1032,2021-02-09,19.559999465942383,-0.01261988928519675
1033,2021-02-10,20.84000015258789,0.0654397096929491
1034,2021-02-11,20.56999969482422,-0.01295587599744541
1035,2021-02-12,20.57999992370605,0.0004861560053570635
1036,2021-02-16,21.280000686645508,0.03401364264016005
1037,2021-02-17,21.1299991607666,-0.007048943657837481
1038,2021-02-18,21.01000022888184,-0.005679078876045129
1039,2021-02-19,21.82999992370605,0.03902901884298804
1040,2021-02-22,23.209999084472656,0.06321571990790575
1041,2021-02-23,23.15999984741211,-0.0021542110742259757
1042,2021-02-24,24.11000061035156,0.04101903148525299
1043,2021-02-25,22.790000915527344,-0.05474905273363939
1044,2021-02-26,22.450000762939453,-0.014918830141697814
1045,2021-03-01,23.899999618530277,0.06458792010308034
1046,2021-03-02,23.8799991607666,-0.0008368392503307343
1047,2021-03-03,24.13999938964844,0.01088778216160935
1048,2021-03-04,23.82999992370605,-0.012841734622218826
1049,2021-03-05,24.290000915527344,0.019303440759296242
1050,2021-03-08,24.479999542236328,0.00782209220039709
1051,2021-03-09,23.979999542236328,-0.02042483698324138
1052,2021-03-10,24.479999542236328,0.020850709322130845
1053,2021-03-11,23.8799991607666,-0.024509819962803547
1054,2021-03-12,24.01000022888184,0.005443931016916537
1055,2021-03-15,25.81999969482422,0.07538523318151058
1056,2021-03-16,24.350000381469727,-0.05693258445890548
1057,2021-03-17,24.149999618530277,-0.008213583564936955
1058,2021-03-18,23.559999465942383,-0.02443064852618826
1059,2021-03-19,23.63999938964844,0.0033955825772280512
1060,2021-03-22,22.36000061035156,-0.05414546583522217
1061,2021-03-23,20.71999931335449,-0.07334531539493039
1062,2021-03-24,20.0,-0.03474900276132897
1063,2021-03-25,20.790000915527344,0.03950004577636723
1064,2021-03-26,20.56999969482422,-0.010582068831888058
1065,2021-03-29,20.09000015258789,-0.023334931908487344
1066,2021-03-30,20.420000076293945,0.01642607870580548
1067,2021-03-31,20.40999984741211,-0.0004897271716196583
1068,2021-04-01,21.5,0.05340520140798022
1069,2021-04-05,23.030000686645508,0.07116282263467477
1070,2021-04-06,23.450000762939453,0.018237084835932782
1071,2021-04-07,23.049999237060547,-0.017057633810872663
1072,2021-04-08,22.96999931335449,-0.003470712640086804
1073,2021-04-09,22.6299991607666,-0.014801922627407982
1074,2021-04-12,21.950000762939453,-0.030048538358147803
1075,2021-04-13,21.540000915527344,-0.018678807888897975
1076,2021-04-14,21.71999931335449,0.008356471224538753
1077,2021-04-15,21.75,0.0013812471267926618
1078,2021-04-16,21.26000022888184,-0.02252872510888093
1079,2021-04-19,22.059999465942383,0.03762931460244001
1080,2021-04-20,20.520000457763672,-0.06980956688400008
1081,2021-04-21,21.030000686645508,0.02485381176923318
1082,2021-04-22,21.25,0.010461212846949453
1083,2021-04-23,21.46999931335449,0.010352908863740629
1084,2021-04-26,22.280000686645508,0.037727126185197024
1085,2021-04-27,22.11000061035156,-0.007630164769063308
1086,2021-04-28,21.790000915527344,-0.014473074897808691
1087,2021-04-29,21.600000381469727,-0.008719620287956253
1088,2021-04-30,21.200000762939453,-0.018518500530834592
1089,2021-05-03,22.13999938964844,0.044339556267952496
1090,2021-05-04,22.040000915527344,-0.004516643038745993
1091,2021-05-05,21.1200008392334,-0.04174228847902628
1092,2021-05-06,20.489999771118164,-0.02982959484286185
1093,2021-05-07,21.56999969482422,0.05270863522548086
1094,2021-05-10,21.489999771118164,-0.0037088514064861355
1095,2021-05-11,21.420000076293945,-0.0032573148240929717
1096,2021-05-12,20.31999969482422,-0.05135389250941813
1097,2021-05-13,21.059999465942383,0.03641731211770893
1098,2021-05-14,22.229999542236328,0.05555556058707567
1099,2021-05-17,22.06999969482422,-0.0071974741658502595
1100,2021-05-18,22.26000022888184,0.008608995771856698
1101,2021-05-19,22.309999465942383,0.002246147194359338
1102,2021-05-20,21.93000030517578,-0.017032683543838467
1103,2021-05-21,21.739999771118164,-0.008663954920820283
1104,2021-05-24,22.63999938964844,0.04139832695517942
1105,2021-05-25,22.850000381469727,0.009275662432981502
1106,2021-05-26,23.229999542236328,0.0166301599309715
1107,2021-05-27,23.96999931335449,0.03185535022386499
1108,2021-05-28,22.65999984741211,-0.05465162717850125
1109,2021-06-01,24.40999984741211,0.07722859716611419
1110,2021-06-02,24.96999931335449,0.022941395716630897
1111,2021-06-03,23.06999969482422,-0.0760912963867848
1112,2021-06-04,22.209999084472656,-0.03727787697129903
1113,2021-06-07,22.649999618530277,0.01981092085524816
1114,2021-06-08,23.3799991607666,0.03222956090644269
1115,2021-06-09,23.209999084472656,-0.007271175466046165
1116,2021-06-10,22.239999771118164,-0.04179230295633296
1117,2021-06-11,22.8700008392334,0.028327386447790426
1118,2021-06-14,22.13999938964844,-0.03191960746816602
1119,2021-06-15,22.100000381469727,-0.0018066399856097037
1120,2021-06-16,22.5,0.018099529937821268
1121,2021-06-17,21.90999984741211,-0.02622222900390625
1122,2021-06-18,21.8799991607666,-0.0013692691398650148
1123,2021-06-21,22.020000457763672,0.006398597000319306
1124,2021-06-22,21.950000762939453,-0.003178914321935844
1125,2021-06-23,22.559999465942383,0.027790372747177994
1126,2021-06-24,22.8799991607666,0.014184383971608927
1127,2021-06-25,22.729999542236328,-0.006555927623786095
1128,2021-06-28,22.1200008392334,-0.026836723065895574
1129,2021-06-29,21.8700008392334,-0.011301988721292622
1130,2021-06-30,21.950000762939453,0.003657975337730157
1131,2021-07-01,22.040000915527344,0.004100234599528907
1132,2021-07-02,21.68000030517578,-0.01633396530841069
1133,2021-07-06,20.739999771118164,-0.04335795760266692
1134,2021-07-07,19.649999618530277,-0.05255545634604031
1135,2021-07-08,19.6299991607666,-0.001017835020455382
1136,2021-07-09,20.32999992370605,0.0356597449244167
1137,2021-07-12,18.979999542236328,-0.06640434759153824
1138,2021-07-13,17.6299991607666,-0.07112752444833104
1139,2021-07-14,16.93000030517578,-0.03970498519072996
1140,2021-07-15,16.209999084472656,-0.042528128040435376
1141,2021-07-16,15.859999656677246,-0.02159157603720474
1142,2021-07-19,15.100000381469728,-0.04791924915884527
1143,2021-07-20,15.760000228881836,0.04370859806215899
1144,2021-07-21,16.899999618530273,0.07233498560230167
1145,2021-07-22,16.239999771118164,-0.03905324629051721
1146,2021-07-23,15.81999969482422,-0.02586207402791274
1147,2021-07-26,16.649999618530273,0.05246523007061765
1148,2021-07-27,16.079999923706055,-0.034234216689701835
1149,2021-07-28,16.09000015258789,0.000621904784159355
1150,2021-07-29,15.800000190734863,-0.018023614611736627
1151,2021-07-30,15.529999732971191,-0.017088636361029974
1152,2021-08-02,15.34000015258789,-0.012234358251785427
1153,2021-08-03,15.06999969482422,-0.017601072690870856
1154,2021-08-04,14.329999923706056,-0.049104166297516016
1155,2021-08-05,15.34000015258789,0.07048152367474869
1156,2021-08-06,15.630000114440918,0.01890482131475757
1157,2021-08-09,15.020000457763672,-0.03902748894503549
1158,2021-08-10,14.869999885559082,-0.009986722212585342
1159,2021-08-11,15.130000114440918,0.017484884390236877
1160,2021-08-12,14.829999923706056,-0.01982816843791857
1161,2021-08-13,14.470000267028809,-0.024275094978374323
1162,2021-08-16,14.640000343322754,0.011748450114496878
1163,2021-08-17,14.779999732971191,0.009562799615116857
1164,2021-08-18,14.760000228881836,-0.0013531464445659669
1165,2021-08-19,13.9399995803833,-0.05555559863027559
