,Date,Adj Close,daily_return
0,2017-01-03,20.42645835876465,
1,2017-01-04,20.648651123046875,0.010877694036807384
2,2017-01-05,20.648651123046875,0.0
3,2017-01-06,20.75181770324707,0.0049962866622821345
4,2017-01-09,20.656593322753903,-0.004588724797744748
5,2017-01-10,20.53755187988281,-0.005762878757939571
6,2017-01-11,20.442323684692383,-0.0046367841574975754
7,2017-01-12,20.59310531616211,0.0073759536242268275
8,2017-01-13,20.48200416564941,-0.005395065426364032
9,2017-01-17,20.783559799194336,0.014722955385912284
10,2017-01-18,20.648651123046875,-0.006491124593232089
11,2017-01-19,20.513748168945312,-0.006533257465471509
12,2017-01-20,20.55342102050781,0.0019339640535587233
13,2017-01-23,20.68833351135254,0.006563991985086837
14,2017-01-24,20.7914981842041,0.004986611067293145
15,2017-01-25,20.72800636291504,-0.0030537395971445003
16,2017-01-26,20.656593322753903,-0.003445244029300576
17,2017-01-27,20.60103988647461,-0.0026893803547993755
18,2017-01-30,20.529619216918945,-0.0034668477877446424
19,2017-01-31,20.46613502502441,-0.0030923219385489142
20,2017-02-01,20.347097396850582,-0.005816321842315508
21,2017-02-02,20.46613502502441,0.005850349357066298
22,2017-02-03,20.585168838500977,0.0058161354516141905
23,2017-02-06,20.52168083190918,-0.0030841625390535254
24,2017-02-07,20.37091064453125,-0.007346873222172756
25,2017-02-08,20.57723426818848,0.010128345622713697
26,2017-02-09,20.743881225585938,0.00809860816208352
27,2017-02-10,20.870853424072266,0.006120947044843117
28,2017-02-13,20.91053009033203,0.0019010562459320646
29,2017-02-14,20.712139129638672,-0.009487610301428195
30,2017-02-15,20.68833351135254,-0.001149355850553757
31,2017-02-16,20.66452407836914,-0.0011508627783061165
32,2017-02-17,20.60897254943848,-0.002688255907563275
33,2017-02-21,20.76769256591797,0.00770150069823905
34,2017-02-22,20.7914981842041,0.0011462813314753184
35,2017-02-23,20.862916946411133,0.0034349983620367563
36,2017-02-24,21.085113525390625,0.010650312204675494
37,2017-02-27,21.13272857666016,0.002258230728148458
38,2017-02-28,20.94227409362793,-0.009012299682047531
39,2017-03-01,20.918466567993164,-0.0011368166383616263
40,2017-03-02,20.87879180908203,-0.0018966380151324014
41,2017-03-03,20.680395126342773,-0.009502306673365934
42,2017-03-06,20.35503387451172,-0.01573283536621639
43,2017-03-07,20.196319580078125,-0.007797299449957329
44,2017-03-08,19.847150802612305,-0.017288733032836512
45,2017-03-09,19.474170684814453,-0.018792627793645766
46,2017-03-10,19.434494018554688,-0.0020373995330493777
47,2017-03-13,19.402755737304688,-0.0016330901756278493
48,2017-03-14,19.442428588867188,0.002044701902123247
49,2017-03-15,19.823341369628903,0.01959183128901021
50,2017-03-16,20.005861282348636,0.00920732329209506
51,2017-03-17,20.148704528808597,0.007140069824736361
52,2017-03-20,20.14076805114746,-0.0003938951831761184
53,2017-03-21,19.98830986022949,-0.007569631432664536
54,2017-03-22,19.940166473388672,-0.0024085771722304194
55,2017-03-23,20.092622756958008,0.0076456876010939645
56,2017-03-24,20.17286491394043,0.003993612877374764
57,2017-03-27,19.980287551879883,-0.009546356597444294
58,2017-03-28,20.140769958496094,0.008032036886331584
59,2017-03-29,20.156818389892575,0.0007968132017570628
60,2017-03-30,20.237060546875,0.0039808939799081955
61,2017-03-31,20.27718162536621,0.0019825546500826796
62,2017-04-03,20.413593292236328,0.00672734847428047
63,2017-04-04,20.67036437988281,0.012578436533470905
64,2017-04-05,20.654321670532227,-0.000776121265002705
65,2017-04-06,20.8388729095459,0.008935236022636905
66,2017-04-07,20.935163497924805,0.004620719594426781
67,2017-04-10,20.99134063720703,0.002683386699501744
68,2017-04-11,21.26416015625,0.012996764892633683
69,2017-04-12,21.207988739013672,-0.00264160055339957
70,2017-04-13,21.039478302001957,-0.007945611396036223
71,2017-04-17,21.22403717041016,0.008772026842064795
72,2017-04-18,21.288230895996094,0.0030245765718612816
73,2017-04-19,21.33637809753418,0.002261681666894333
74,2017-04-20,21.328350067138672,-0.00037626022368042467
75,2017-04-21,21.304277420043945,-0.001128668979032521
76,2017-04-24,20.862947463989254,-0.020715556193399487
77,2017-04-25,20.999364852905277,0.006538739991148734
78,2017-04-26,21.023435592651367,0.0011462603709539998
79,2017-04-27,20.94318962097168,-0.0038169770742768616
80,2017-04-28,20.541980743408203,-0.019157009262892877
81,2017-05-01,20.742582321166992,0.009765444737998896
82,2017-05-02,20.919116973876957,0.008510736511809336
83,2017-05-03,20.710487365722656,-0.009973155578929527
84,2017-05-04,20.301250457763672,-0.019759887864169712
85,2017-05-05,20.46173858642578,0.007905332186113334
86,2017-05-08,20.301250457763672,-0.007843328072257627
87,2017-05-09,20.27718162536621,-0.0011855837376882894
88,2017-05-10,20.30927848815918,0.0015829055233600453
89,2017-05-11,20.180889129638672,-0.006321709488368188
90,2017-05-12,20.060527801513672,-0.005964124144967942
91,2017-05-15,20.052499771118164,-0.0004001903875581192
92,2017-05-16,19.948192596435547,-0.005201704319820144
93,2017-05-17,20.052499771118164,0.005228903529899576
94,2017-05-18,20.124717712402344,0.003601443316717745
95,2017-05-19,20.13274574279785,0.00039891393808511033
96,2017-05-22,20.285205841064453,0.00757274244727113
97,2017-05-23,20.381500244140625,0.004747026174180435
98,2017-05-24,20.42161750793457,0.001968317509182249
99,2017-05-25,20.46173858642578,0.0019646376432045365
100,2017-05-26,20.39754295349121,-0.0031373498719780013
101,2017-05-30,20.13274574279785,-0.012981819001294803
102,2017-05-31,20.180889129638672,0.0023912976131457153
103,2017-06-01,20.389522552490234,0.01033816803171228
104,2017-06-02,20.70246315002441,0.015348108163325103
105,2017-06-05,20.66234397888184,-0.0019378936144863745
106,2017-06-06,20.469762802124023,-0.009320393511725755
107,2017-06-07,20.46173858642578,-0.00039200335518341234
108,2017-06-08,20.46173858642578,0.0
109,2017-06-09,20.70246315002441,0.011764619246886765
110,2017-06-12,21.039478302001957,0.016278988134662997
111,2017-06-13,21.06355857849121,0.0011445282123256906
112,2017-06-14,21.07960319519043,0.0007617239337518455
113,2017-06-15,21.159847259521484,0.0038067160746821926
114,2017-06-16,20.78270149230957,-0.017823652627842357
115,2017-06-19,20.67036437988281,-0.005405318094393596
116,2017-06-20,20.345867156982425,-0.015698669696224465
117,2017-06-21,20.21607208251953,-0.006379431924008694
118,2017-06-22,20.14306259155273,-0.0036114577880799192
119,2017-06-23,20.15117454528809,0.0004027169998845892
120,2017-06-26,20.321533203125,0.008454031175902044
121,2017-06-27,20.18362045288086,-0.006786532731838046
122,2017-06-28,20.28097152709961,0.004823271149297481
123,2017-06-29,20.362096786499023,0.004000067713275657
124,2017-06-30,20.362096786499023,0.0
125,2017-07-03,20.840726852416992,0.023505932170763577
126,2017-07-05,20.54867553710937,-0.014013489902524712
127,2017-07-06,20.38643455505371,-0.007895447167028613
128,2017-07-07,20.491893768310547,0.0051730091876558415
129,2017-07-10,20.345867156982425,-0.007126067164858307
130,2017-07-11,18.780181884765625,-0.07695347955122567
131,2017-07-12,18.763954162597656,-0.0008640875933758618
132,2017-07-13,18.73150634765625,-0.0017292631745010612
133,2017-07-14,18.90998077392578,0.009528033835456196
134,2017-07-17,18.96676445007324,0.0030028415589800073
135,2017-07-18,19.08845329284668,0.006415898878997739
136,2017-07-19,19.494070053100582,0.021249325654159046
137,2017-07-20,19.53463554382324,0.0020809143812532405
138,2017-07-21,19.412946701049805,-0.006229388948692849
139,2017-07-24,19.550857543945312,0.0071040653961127465
140,2017-07-25,19.98081398010254,0.021991691934269086
141,2017-07-26,20.21607208251953,0.011774200122741219
142,2017-07-27,20.913738250732425,0.03451047094436088
143,2017-07-28,20.897510528564453,-0.000775935988746701
144,2017-07-31,21.075986862182617,0.008540554788772914
145,2017-08-01,21.100324630737305,0.0011547629401096327
146,2017-08-02,21.05164909362793,-0.002306862001472121
147,2017-08-03,21.14088630676269,0.004238965448164045
148,2017-08-04,21.327472686767575,0.008825854190663618
149,2017-08-07,21.359920501708984,0.0015214092836017823
150,2017-08-08,21.400480270385746,0.0018988726420361424
151,2017-08-09,21.465377807617188,0.0030325271401150378
152,2017-08-10,21.18955612182617,-0.012849607785293315
153,2017-08-11,20.978635787963867,-0.00995397603657422
154,2017-08-14,21.351808547973636,0.01778822816609793
155,2017-08-15,21.368030548095703,0.000759748294184126
156,2017-08-16,21.587068557739254,0.010250734579891896
157,2017-08-17,21.70063781738281,0.005260985730405565
158,2017-08-18,21.627628326416016,-0.0033643937833158777
159,2017-08-21,22.122486114501957,0.022880816177219154
160,2017-08-22,22.00080299377441,-0.005500427035991184
161,2017-08-23,22.081920623779297,0.0036870304246550134
162,2017-08-24,22.1143741607666,0.0014696881462545885
163,2017-08-25,22.382080078125,0.012105516322199916
164,2017-08-28,21.95212173461914,-0.019209936788943782
165,2017-08-29,21.8304386138916,-0.005543114337583144
166,2017-08-30,22.041364669799805,0.009662016400072693
167,2017-08-31,22.357742309570312,0.014353813591405862
168,2017-09-01,22.44697570800781,0.003991163204314141
169,2017-09-05,22.44697570800781,0.0
170,2017-09-06,22.68223762512207,0.010480784590965353
171,2017-09-07,23.01484489440918,0.014663776774771264
172,2017-09-08,23.05541038513184,0.0017625793660036582
173,2017-09-11,23.21765899658203,0.007037333482245112
174,2017-09-12,22.722803115844727,-0.021313771591276898
175,2017-09-13,22.99862670898437,0.012138625315435192
176,2017-09-14,22.966175079345703,-0.0014110246689639228
177,2017-09-15,23.03107261657715,0.0028257877947559518
178,2017-09-18,23.1284236907959,0.004226944868763072
179,2017-09-19,23.1284236907959,0.0
180,2017-09-20,23.423362731933597,0.012752232710743439
181,2017-09-21,23.390588760375977,-0.0013992001034479618
182,2017-09-22,23.08745384216309,-0.012959695940890636
183,2017-09-25,23.447946548461918,0.015614225317496233
184,2017-09-26,23.447946548461918,0.0
185,2017-09-27,23.382400512695312,-0.0027953849020908583
186,2017-09-28,23.595415115356445,0.009110039944165704
187,2017-09-29,23.43975067138672,-0.006597232691550214
188,2017-10-02,23.611799240112305,0.007340034078758606
189,2017-10-03,23.94770812988281,0.014226314833299725
190,2017-10-04,23.923126220703125,-0.0010264827450860992
191,2017-10-05,23.93951797485352,0.000685184452866805
192,2017-10-06,23.60360336303711,-0.0140318034878254
193,2017-10-09,23.79204559326172,0.007983621285540865
194,2017-10-10,23.931316375732425,0.005853669955564911
195,2017-10-11,24.119760513305664,0.007874374088519875
196,2017-10-12,24.144336700439453,0.001018923347942513
197,2017-10-13,24.29180335998535,0.006107712188391234
198,2017-10-16,24.259035110473636,-0.0013489426464604604
199,2017-10-17,24.43108558654785,0.007092222559170747
200,2017-10-18,24.42289352416992,-0.00033531307272094413
201,2017-10-19,24.31638526916504,-0.004361000669289017
202,2017-10-20,24.21807098388672,-0.004043129116028221
203,2017-10-23,24.17710494995117,-0.0016915481816370814
204,2017-10-24,23.78385162353516,-0.01626552588616703
205,2017-10-25,23.89035987854004,0.004478175221185987
206,2017-10-26,23.005521774291992,-0.037037453966646594
207,2017-10-27,23.177579879760746,0.007478991659342515
208,2017-10-30,23.06287956237793,-0.004948761604009144
209,2017-10-31,23.2758903503418,0.009236088121075348
210,2017-11-01,23.08745384216309,-0.008095780884959547
211,2017-11-02,23.112035751342773,0.0010647301927591002
212,2017-11-03,22.866247177124023,-0.01063465706193667
213,2017-11-06,22.743356704711918,-0.005374317502132464
214,2017-11-07,22.907215118408203,0.007204671492591741
215,2017-11-08,22.972755432128903,0.002861120977906806
216,2017-11-09,23.038299560546875,0.002853124372111937
217,2017-11-10,23.038299560546875,0.0
218,2017-11-13,22.956375122070312,-0.003556010644850671
219,2017-11-14,23.05468368530273,0.00428240794592627
220,2017-11-15,22.93178939819336,-0.005330556202239989
221,2017-11-16,23.095651626586918,0.007145636371772568
222,2017-11-17,23.18577003479004,0.00390196430307177
223,2017-11-20,23.24311828613281,0.002473424486515663
224,2017-11-21,23.41516876220703,0.0074022114397993555
225,2017-11-22,23.431560516357425,0.0007000485162784731
226,2017-11-24,23.56264305114746,0.005594272506883602
227,2017-11-27,23.40697860717773,-0.006606408442033862
228,2017-11-28,23.382400512695312,-0.0010500327656505215
229,2017-11-29,23.35782241821289,-0.001051136493409932
230,2017-11-30,23.31685447692871,-0.001753928108137126
231,2017-12-01,23.325050354003903,0.00035150011693474426
232,2017-12-04,23.35782241821289,0.0014050157968195087
233,2017-12-05,22.997337341308597,-0.015433162837269032
234,2017-12-06,22.88263893127441,-0.004987464780462303
235,2017-12-07,22.890832901000977,0.00035808674651449657
236,2017-12-08,22.956375122070312,0.0028632519119244915
237,2017-12-11,23.021915435791016,0.0028549940211464175
238,2017-12-12,22.751548767089844,-0.01174388245214586
239,2017-12-13,23.030109405517575,0.012243590152010597
240,2017-12-14,22.7761287689209,-0.011028199307460795
241,2017-12-15,22.956375122070312,0.007913827454091749
242,2017-12-18,23.35782241821289,0.01748739920862441
243,2017-12-19,22.358293533325195,-0.04279204058458497
244,2017-12-20,21.84430885314941,-0.022988546930457265
245,2017-12-21,21.935497283935547,0.00417447086099898
246,2017-12-22,22.23394203186035,0.013605561071249106
247,2017-12-26,22.325138092041016,0.0041016595280307655
248,2017-12-27,22.408035278320312,0.0037131768653584363
249,2017-12-28,22.640155792236328,0.010358807054386965
250,2017-12-29,22.515804290771484,-0.005492519689616504
251,2018-01-02,22.665027618408203,0.006627492658473733
252,2018-01-03,22.250526428222656,-0.01828813964686704
253,2018-01-04,21.72824478149414,-0.023472777078480833
254,2018-01-05,21.90234375,0.008012564763359986
255,2018-01-08,21.81943702697754,-0.003785290011369735
256,2018-01-09,21.595605850219727,-0.010258338768368236
257,2018-01-10,21.297164916992188,-0.013819521216372976
258,2018-01-11,21.205974578857425,-0.0042818064512429865
259,2018-01-12,21.172815322875977,-0.0015636751736234356
260,2018-01-16,21.13965606689453,-0.0015661240829706324
261,2018-01-17,21.58732032775879,0.021176515807431517
262,2018-01-18,21.4298095703125,-0.007296447871010137
263,2018-01-19,21.75311851501465,0.015086879033682221
264,2018-01-22,21.81943702697754,0.0030486898656445494
265,2018-01-23,22.01839828491211,0.009118533062451473
266,2018-01-24,21.993532180786133,-0.0011293330152455372
267,2018-01-25,21.786279678344727,-0.009423338676925463
268,2018-01-26,21.87747383117676,0.004185852480480312
269,2018-01-29,21.64534950256348,-0.01061019797827345
270,2018-01-30,21.47954750061035,-0.0076599364650357105
271,2018-01-31,21.75311851501465,0.012736349050021856
272,2018-02-01,21.181100845336918,-0.026295892668580234
273,2018-02-02,21.08162498474121,-0.004696444312412007
274,2018-02-05,19.82982444763184,-0.05937874988362701
275,2018-02-06,19.39874267578125,-0.02173906143188631
276,2018-02-07,19.349000930786133,-0.002564173659420632
277,2018-02-08,18.81014633178711,-0.027849220790601814
278,2018-02-09,19.481645584106445,0.035698778758811445
279,2018-02-12,19.705474853515625,0.011489238341949148
280,2018-02-13,19.97075462341309,0.013462236859018706
281,2018-02-14,19.89614486694336,-0.003735950787871589
282,2018-02-15,20.26090812683105,0.018333363690657967
283,2018-02-16,20.493030548095703,0.011456664223123303
284,2018-02-20,19.838115692138672,-0.031957930986341476
285,2018-02-21,19.564542770385746,-0.01379026748298151
286,2018-02-22,19.929309844970703,0.018644293345668972
287,2018-02-23,20.037078857421875,0.005407563698367035
288,2018-02-26,20.19458770751953,0.007860868903019513
289,2018-02-27,19.664026260375977,-0.026272457493449974
290,2018-02-28,19.564542770385746,-0.005059161774549459
291,2018-03-01,20.61738395690918,0.05381373839807213
292,2018-03-02,20.30236053466797,-0.015279505047760544
293,2018-03-05,20.285778045654297,-0.0008167764031850044
294,2018-03-06,20.758310317993164,0.02329377119652043
295,2018-03-07,20.98214340209961,0.010782818094420055
296,2018-03-08,20.61738395690918,-0.01738427948947907
297,2018-03-09,20.633960723876957,0.0008040189289981736
298,2018-03-12,21.056753158569336,0.020490125010422133
299,2018-03-13,21.08991241455078,0.0015747563611416826
300,2018-03-14,20.73343849182129,-0.01690257957086372
301,2018-03-15,20.41841697692871,-0.015193886678123603
302,2018-03-16,20.73343849182129,0.015428302558838425
303,2018-03-19,20.4847354888916,-0.011995260845314881
304,2018-03-20,20.26090812683105,-0.010926543922518683
305,2018-03-21,20.20210838317871,-0.002902127746903571
306,2018-03-22,20.395309448242188,0.009563410976665354
307,2018-03-23,20.05090713500977,-0.01688634899639152
308,2018-03-26,20.2777042388916,0.011311064499712087
309,2018-03-27,20.445711135864254,0.008285301678797818
310,2018-03-28,21.268911361694336,0.040262733849647736
311,2018-03-29,21.184911727905277,-0.003949409180403318
312,2018-04-02,20.781707763671875,-0.019032600626902374
313,2018-04-03,21.4033145904541,0.029911248577407346
314,2018-04-04,21.49571228027344,0.004316980411087856
315,2018-04-05,21.394916534423828,-0.0046891093691328045
316,2018-04-06,21.294113159179688,-0.004711557302967351
317,2018-04-09,21.268911361694336,-0.001183510076092853
318,2018-04-10,21.24371337890625,-0.0011847330763467001
319,2018-04-11,21.32771110534668,0.003954003941883055
320,2018-04-12,20.84891128540039,-0.02244965798633014
321,2018-04-13,20.890913009643555,0.0020145763809056305
322,2018-04-16,21.394916534423828,0.024125490568440933
323,2018-04-17,21.78971672058105,0.018452990247566525
324,2018-04-18,21.8485164642334,0.002698508861145976
325,2018-04-19,21.0421142578125,-0.03690878544275533
326,2018-04-20,20.81531143188477,-0.010778518885930066
327,2018-04-23,20.68931007385254,-0.006053301601782524
328,2018-04-24,20.73971366882324,0.0024362143923977175
329,2018-04-25,20.84050941467285,0.004860035555897424
330,2018-04-26,20.95811462402344,0.005643106270127429
331,2018-04-27,21.235313415527344,0.013226322905313337
332,2018-04-30,21.0421142578125,-0.009098013009479544
333,2018-05-01,21.336109161376957,0.013971737818850638
334,2018-05-02,21.31930923461914,-0.0007873941134604046
335,2018-05-03,21.24371337890625,-0.003545886730238701
336,2018-05-04,21.54611587524414,0.014234916981988643
337,2018-05-07,21.630115509033203,0.0038985975140686246
338,2018-05-08,21.504112243652344,-0.005825362575074489
339,2018-05-09,21.352914810180664,-0.007031093948847378
340,2018-05-10,21.588115692138672,0.011014930937947032
341,2018-05-11,21.394916534423828,-0.008949329365748993
342,2018-05-14,20.890913009643555,-0.023557162467511605
343,2018-05-15,20.59691047668457,-0.014073225656689559
344,2018-05-16,20.554906845092773,-0.002039317092694337
345,2018-05-17,20.59691047668457,0.0020434844053707213
346,2018-05-18,20.63050842285156,0.0016312129047229007
347,2018-05-21,21.000110626220703,0.017915322094522512
348,2018-05-22,21.109310150146484,0.005199949936903314
349,2018-05-23,21.42011070251465,0.01472338746067492
350,2018-05-24,21.436914443969727,0.0007844843422357695
351,2018-05-25,21.638517379760746,0.009404475458347994
352,2018-05-29,21.82331275939941,0.008540112818057999
353,2018-05-30,22.100515365600582,0.012702132314067693
354,2018-05-31,21.932514190673828,-0.007601685849744855
355,2018-06-01,22.37771797180176,0.020298802830240215
356,2018-06-04,22.48691749572754,0.0048798328794463774
357,2018-06-05,22.53731918334961,0.002241378242778147
358,2018-06-06,22.587718963623047,0.002236281070672863
359,2018-06-07,22.411317825317383,-0.007809603908644047
360,2018-06-08,22.35251808166504,-0.0026236629238249876
361,2018-06-11,22.386119842529297,0.001503265123933506
362,2018-06-12,22.360918045043945,-0.001125777832988839
363,2018-06-13,22.100515365600582,-0.011645437764174371
364,2018-06-14,22.27692031860352,0.007981938433775593
365,2018-06-15,22.310518264770508,0.0015081952840192425
366,2018-06-18,22.44491958618164,0.006024123680863136
367,2018-06-19,22.39451789855957,-0.0022455722074896656
368,2018-06-20,22.93865394592285,0.024297734375352764
369,2018-06-21,23.142702102661133,0.008895384934936468
370,2018-06-22,23.49978828430176,0.01542975319202533
371,2018-06-25,23.465784072875977,-0.0014470007565344778
372,2018-06-26,23.47428703308105,0.00036235568258313755
373,2018-06-27,23.66983413696289,0.00833026807614079
374,2018-06-28,23.74635124206543,0.0032326844649515074
375,2018-06-29,23.950403213500977,0.008592982111461422
376,2018-07-02,23.907894134521484,-0.0017748794707359572
377,2018-07-03,24.15445327758789,0.010312875809098898
378,2018-07-05,24.51154136657715,0.01478353017911549
379,2018-07-06,24.537050247192383,0.0010406885570246605
380,2018-07-09,24.4520263671875,-0.0034651223006975096
381,2018-07-10,24.4520263671875,0.0
382,2018-07-11,24.281986236572266,-0.006954030232987685
383,2018-07-12,24.35000228881836,0.0028010909644471393
384,2018-07-13,24.21396827697754,-0.005586611870804115
385,2018-07-16,24.188461303710938,-0.0010533991361859618
386,2018-07-17,23.924894332885746,-0.010896392602895988
387,2018-07-18,23.94190216064453,0.0007108841327423399
388,2018-07-19,24.264982223510746,0.013494335608692287
389,2018-07-20,24.069429397583008,-0.008059054984110525
390,2018-07-23,24.07793235778809,0.00035326804240476406
391,2018-07-24,24.1119441986084,0.0014125731526655194
392,2018-07-25,24.256481170654297,0.005994413841345914
393,2018-07-26,24.545549392700195,0.011917154018020293
394,2018-07-27,23.87388229370117,-0.0273641094054623
395,2018-07-30,24.103439331054688,0.009615404588556808
396,2018-07-31,24.35850143432617,0.010581979599187719
397,2018-08-01,24.46902847290039,0.004537513889030453
398,2018-08-02,24.579559326171875,0.004517173756771742
399,2018-08-03,24.741098403930664,0.006572090069441705
400,2018-08-06,24.80911636352539,0.0027491891622692943
401,2018-08-07,24.70709228515625,-0.004112362442667994
402,2018-08-08,24.630571365356445,-0.003097123648409972
403,2018-08-09,24.664581298828125,0.0013808016455321148
404,2018-08-10,24.494537353515625,-0.006894256312414249
405,2018-08-13,24.520042419433597,0.001041255262341556
406,2018-08-14,24.715591430664062,0.007975068227267013
407,2018-08-15,24.70709228515625,-0.0003438778930965336
408,2018-08-16,24.77510452270508,0.0027527414705004194
409,2018-08-17,24.86012840270996,0.003431827297719847
410,2018-08-20,24.868627548217773,0.0003418785844599981
411,2018-08-21,24.74959945678711,-0.004786275044727728
412,2018-08-22,24.800613403320312,0.0020612029145066213
413,2018-08-23,24.78360748291016,-0.0006857056369370396
414,2018-08-24,24.78360748291016,0.0
415,2018-08-27,24.596559524536133,-0.007547245028917127
416,2018-08-28,24.88563346862793,0.011752617019605172
417,2018-08-29,25.00465965270996,0.004782927637027257
418,2018-08-30,24.84311866760254,-0.006460435268908493
419,2018-08-31,24.74959945678711,-0.003764390939265838
420,2018-09-04,24.520042419433597,-0.009275181917764774
421,2018-09-05,24.74959945678711,0.00936201632227096
422,2018-09-06,24.834619522094727,0.0034352097477805543
423,2018-09-07,24.384008407592773,-0.018144474253010245
424,2018-09-10,24.63907241821289,0.01046029866610021
425,2018-09-11,24.46902847290039,-0.006901393949668599
426,2018-09-12,24.4520263671875,-0.000694841878651653
427,2018-09-13,24.69008445739746,0.009735720329887121
428,2018-09-14,24.766605377197266,0.0030992571099479616
429,2018-09-17,24.68158531188965,-0.003432850970601531
430,2018-09-18,24.673080444335938,-0.0003445835203144121
431,2018-09-19,23.95953941345215,-0.028919819415884618
432,2018-09-20,24.492544174194336,0.02224603534919911
433,2018-09-21,24.449562072753903,-0.0017549055392015456
434,2018-09-24,23.976736068725582,-0.019338833252773413
435,2018-09-25,24.054105758666992,0.0032268649794384707
436,2018-09-26,23.968135833740234,-0.003574022904417551
437,2018-09-27,23.942344665527344,-0.001076060666202694
438,2018-09-28,24.55272483825684,0.02549375097787876
439,2018-10-01,24.122880935668945,-0.017506973479299193
440,2018-10-02,24.140071868896484,0.000712640139185039
441,2018-10-03,23.90795516967773,-0.009615410446139783
442,2018-10-04,23.684436798095703,-0.009349121244192182
443,2018-10-05,23.71882057189941,0.0014517454688418585
444,2018-10-08,24.28621864318848,0.0239218501429741
445,2018-10-09,24.673078536987305,0.01592919422667416
446,2018-10-10,24.380786895751957,-0.011846581722551375
447,2018-10-11,23.46951103210449,-0.03737680278917688
448,2018-10-12,22.970895767211918,-0.02124523447508142
449,2018-10-15,23.297576904296875,0.01422152363562823
450,2018-10-16,23.873571395874023,0.02472336474918624
451,2018-10-17,23.55548477172852,-0.013323797217892452
452,2018-10-18,23.460918426513672,-0.004014621058801016
453,2018-10-19,23.48670768737793,0.0010992434479937252
454,2018-10-22,23.306175231933597,-0.007686579909254476
455,2018-10-23,23.21160697937012,-0.0040576478818327155
456,2018-10-24,23.21160697937012,0.0
457,2018-10-25,23.581275939941406,0.015926039110512047
458,2018-10-26,23.357755661010746,-0.00947871860284144
459,2018-10-29,23.50390243530273,0.006256884283447395
460,2018-10-30,23.59847068786621,0.00402351281127844
461,2018-10-31,23.06546401977539,-0.022586491944364906
462,2018-11-01,23.28898429870605,0.009690690754758924
463,2018-11-02,22.996686935424805,-0.012550884982025057
464,2018-11-05,23.22020530700684,0.009719590139644074
465,2018-11-06,23.65864562988281,0.018881845232594285
466,2018-11-07,24.00252342224121,0.01453497371481216
467,2018-11-08,24.122880935668945,0.005014369169043631
468,2018-11-09,24.140071868896484,0.000712640139185039
469,2018-11-12,24.27762222290039,0.005698009299679674
470,2018-11-13,24.28621864318848,0.0003540882302708326
471,2018-11-14,24.234638214111328,-0.002123855913304884
472,2018-11-15,24.294818878173828,0.0024832499470719416
473,2018-11-16,24.81063270568848,0.021231433339807815
474,2018-11-19,24.98257064819336,0.006930010392901309
475,2018-11-20,25.120115280151367,0.0055056236563852945
476,2018-11-21,25.309249877929688,0.007529208989250247
477,2018-11-23,25.32644462585449,0.0006793859165219462
478,2018-11-26,25.438201904296875,0.004412671422829639
479,2018-11-27,25.704708099365234,0.010476612933217666
480,2018-11-28,25.93682289123535,0.009030049708125265
481,2018-11-29,25.95401763916016,0.0006629473469790259
482,2018-11-30,26.29789352416992,0.013249427883986309
483,2018-12-03,26.5128173828125,0.00817266441683051
484,2018-12-04,25.94542121887207,-0.021400824957526265
485,2018-12-06,26.891077041625977,0.03644788861882331
486,2018-12-07,26.90827369689941,0.000639492990437418
487,2018-12-10,27.002836227416992,0.0035142548192705902
488,2018-12-11,26.96845245361328,-0.0012733393453240316
489,2018-12-12,26.727739334106445,-0.008925729791906756
490,2018-12-13,27.260746002197266,0.019942078206766523
491,2018-12-14,27.475664138793945,0.007883795130894766
492,2018-12-17,26.64176750183105,-0.030350372342246024
493,2018-12-18,26.848094940185547,0.007744510132081661
494,2018-12-19,26.309045791625977,-0.02007774293708775
495,2018-12-20,26.135160446166992,-0.00660933683555831
496,2018-12-21,26.07430076599121,-0.0023286514846977413
497,2018-12-24,24.891870498657227,-0.04534849382715689
498,2018-12-26,25.613500595092773,0.02899059339371357
499,2018-12-27,25.56133270263672,-0.0020367341926721405
500,2018-12-28,25.613500595092773,0.002040890945043561
501,2018-12-31,25.570024490356445,-0.001697390193695636
502,2019-01-02,25.10922622680664,-0.018021033328442515
503,2019-01-03,24.935340881347656,-0.006925157465559217
504,2019-01-04,25.213558197021484,0.011157550121239534
505,2019-01-07,25.32658576965332,0.004482809278588462
506,2019-01-08,25.72652244567871,0.015791180053357223
507,2019-01-09,25.88302421569824,0.006083285074769851
508,2019-01-10,25.98735809326172,0.004030977087298826
509,2019-01-11,26.0134391784668,0.0010036066425638257
510,2019-01-14,26.109073638916016,0.0036763482057526886
511,2019-01-15,26.61334800720215,0.019314142480126195
512,2019-01-16,26.9437313079834,0.01241419533881416
513,2019-01-17,26.96112060546875,0.0006453930707139843
514,2019-01-18,26.61334800720215,-0.012899040932150996
515,2019-01-22,26.535099029541016,-0.002940215475330521
516,2019-01-23,26.57857131958008,0.001638293868459595
517,2019-01-24,26.70029067993164,0.0045796050844120195
518,2019-01-25,26.96112060546875,0.009768804716914659
519,2019-01-28,27.12631607055664,0.006127173551324194
520,2019-01-29,27.343669891357425,0.00801265532095985
521,2019-01-30,27.60449981689453,0.009538950937216573
522,2019-01-31,27.874027252197266,0.009763894911719362
523,2019-02-01,28.03052520751953,0.005614472351135769
524,2019-02-04,28.656513214111328,0.022332368086483978
525,2019-02-05,28.656513214111328,0.0
526,2019-02-06,28.578266143798828,-0.0027305160864431466
527,2019-02-07,29.08253669738769,0.01764524660283784
528,2019-02-08,29.20425796508789,0.004185373131881276
529,2019-02-11,29.265117645263672,0.002083931742026701
530,2019-02-12,28.856481552124023,-0.013963247921738087
531,2019-02-13,28.882572174072266,0.0009041511835430338
532,2019-02-14,28.94342613220215,0.0021069438609249147
533,2019-02-15,29.13470268249512,0.006608635391653239
534,2019-02-19,29.473783493041992,0.011638382386877755
535,2019-02-20,29.247726440429688,-0.007669767020771934
536,2019-02-21,29.39553642272949,0.005053725546867893
537,2019-02-22,29.65636444091797,0.00887304842604597
538,2019-02-25,29.343366622924805,-0.010554153345961326
539,2019-02-26,29.25642204284668,-0.002963006296973436
540,2019-02-27,28.39568519592285,-0.029420441285105237
541,2019-02-28,28.647823333740234,0.008879452497014828
542,2019-03-01,28.856481552124023,0.00728356273190367
543,2019-03-04,28.63912582397461,-0.007532301807370412
544,2019-03-05,28.54348945617676,-0.0033393605791482983
545,2019-03-06,28.204408645629883,-0.01187944491045756
546,2019-03-07,28.273963928222656,0.002466113842934714
547,2019-03-08,28.334821701049805,0.002152431579160341
548,2019-03-11,28.69998359680176,0.012887389926241388
549,2019-03-12,28.71737289428711,0.0006058992133808339
550,2019-03-13,28.31743621826172,-0.013926645640519264
551,2019-03-14,28.369604110717773,0.0018422533754101078
552,2019-03-15,28.187021255493164,-0.006435861935614073
553,2019-03-18,27.987049102783203,-0.007094476244842274
554,2019-03-19,27.83055305480957,-0.005591730925218141
555,2019-03-20,27.72507095336914,-0.0037901546991427892
556,2019-03-21,28.25249481201172,0.019023354693290084
557,2019-03-22,27.760229110717773,-0.017423795830046718
558,2019-03-25,27.971200942993164,0.007599787142748671
559,2019-03-26,28.287656784057617,0.011313630820121379
560,2019-03-27,28.270076751708984,-0.0006214736159603218
561,2019-03-28,28.410720825195312,0.004975015622404655
562,2019-03-29,28.15579605102539,-0.008972837251769006
563,2019-04-01,28.18217086791992,0.0009367455584181617
564,2019-04-02,28.34039688110352,0.005614401173179795
565,2019-04-03,28.27886390686035,-0.0021712107456122176
566,2019-04-04,28.32281875610352,0.001554335753654712
567,2019-04-05,28.481050491333008,0.005586722726719673
568,2019-04-08,28.445884704589844,-0.001234708205508972
569,2019-04-09,28.33160781860352,-0.004017343358207692
570,2019-04-10,28.6832275390625,0.01241086360895105
571,2019-04-11,28.674434661865234,-0.00030655117822042666
572,2019-04-12,28.454673767089844,-0.007664000959978989
573,2019-04-15,28.56015968322754,0.0037071560546126925
574,2019-04-16,27.8920841217041,-0.023391870666457648
575,2019-04-17,27.593210220336918,-0.010715366412315408
576,2019-04-18,27.944828033447266,0.012742910676308172
577,2019-04-22,27.558048248291016,-0.013840836117986144
578,2019-04-23,28.12942695617676,0.020733642046699696
579,2019-04-24,28.42830467224121,0.010625090817885319
580,2019-04-25,28.270076751708984,-0.005565858476489716
581,2019-04-26,28.489835739135746,0.007773554679630479
582,2019-04-29,28.38435173034668,-0.003702513758061632
583,2019-04-30,28.507417678833008,0.004335696994437699
584,2019-05-01,28.630481719970703,0.004316912970657061
585,2019-05-02,28.656856536865234,0.0009212145695800533
586,2019-05-03,29.07000541687012,0.014417103965097988
587,2019-05-06,29.03484535217285,-0.0012094963242375023
588,2019-05-07,28.217329025268555,-0.028156386472474093
589,2019-05-08,28.208541870117188,-0.0003114098837454504
590,2019-05-09,28.38435173034668,0.006232504361231683
591,2019-05-10,28.31402587890625,-0.0024776275360638422
592,2019-05-13,28.25249481201172,-0.002173165594948845
593,2019-05-14,28.621694564819336,0.013067863750235942
594,2019-05-15,28.445884704589844,-0.006142538480079729
595,2019-05-16,28.445884704589844,0.0
596,2019-05-17,28.067895889282227,-0.013287996461809004
597,2019-05-20,27.9975700378418,-0.0025055619316045608
598,2019-05-21,28.15579605102539,0.005651419497111121
599,2019-05-22,28.15579605102539,0.0
600,2019-05-23,28.12942695617676,-0.0009365423304260601
601,2019-05-24,28.287656784057617,0.00562506403444929
602,2019-05-28,28.023944854736328,-0.009322508800725826
603,2019-05-29,27.522884368896484,-0.017879727084716968
604,2019-05-30,27.49651336669922,-0.0009581482029211719
605,2019-05-31,27.215219497680664,-0.01023016501282037
606,2019-06-03,27.795391082763672,0.02131790945623102
607,2019-06-04,27.40860939025879,-0.01391531751984354
608,2019-06-05,28.04152107238769,0.023091710824039158
609,2019-06-06,27.85692405700684,-0.0065829886654267256
610,2019-06-07,27.97998809814453,0.004417718226386036
611,2019-06-10,27.645952224731445,-0.011938385114439565
612,2019-06-11,27.250383377075195,-0.014308382089381677
613,2019-06-12,27.461355209350582,0.007741976667119843
614,2019-06-13,27.63716506958008,0.006402082449654012
615,2019-06-14,27.461355209350582,-0.006361356520716788
616,2019-06-17,27.804182052612305,0.01248397395715517
617,2019-06-18,28.25249481201172,0.016123932671390895
618,2019-06-19,28.412464141845703,0.005662131110841573
619,2019-06-20,28.403573989868164,-0.00031289619700547444
620,2019-06-21,27.737030029296875,-0.023466904580707104
621,2019-06-24,27.363771438598636,-0.013457049666240062
622,2019-06-25,27.23934936523437,-0.004546963624639799
623,2019-06-26,26.65279197692871,-0.021533458102868108
624,2019-06-27,26.901636123657227,0.009336513298266125
625,2019-06-28,27.33711051940918,0.01618765467461647
626,2019-07-01,27.02605438232422,-0.011378530180214619
627,2019-07-02,27.266010284423828,0.008878687902609483
628,2019-07-03,27.354883193969727,0.0032594761249931103
629,2019-07-05,27.38154602050781,0.000974700800183248
630,2019-07-08,27.719261169433597,0.012333677166104895
631,2019-07-09,27.763694763183597,0.0016029862224105074
632,2019-07-10,27.950326919555664,0.0067221656902651805
633,2019-07-11,27.479307174682617,-0.016852029896777143
634,2019-07-12,27.470415115356445,-0.0003235911032852812
635,2019-07-15,27.159364700317383,-0.011323105738769157
636,2019-07-16,27.13270378112793,-0.0009816473795921654
637,2019-07-17,26.963844299316406,-0.006223466823419677
638,2019-07-18,27.09715461730957,0.0049440397486846255
639,2019-07-19,26.70611572265625,-0.014430994699477617
640,2019-07-22,26.68833923339844,-0.0006656336489521131
641,2019-07-23,26.7772159576416,0.0033301706586499336
642,2019-07-24,27.02605438232422,0.009292916226849357
643,2019-07-25,26.386173248291016,-0.023676454023999316
644,2019-07-26,26.76832771301269,0.014483133310982499
645,2019-07-29,26.81276130676269,0.0016599316261507457
646,2019-07-30,26.93718147277832,0.004640333928764173
647,2019-07-31,26.643903732299805,-0.010887469454623155
648,2019-08-01,26.643903732299805,0.0
649,2019-08-02,26.670568466186523,0.001000781798141448
650,2019-08-05,25.995136260986328,-0.025325002204453217
651,2019-08-06,26.08401107788086,0.003418901751552461
652,2019-08-07,26.35062599182129,0.01022139245165854
653,2019-08-08,26.448387145996094,0.003710012589649647
654,2019-08-09,26.74166488647461,0.011088681470806216
655,2019-08-12,26.71500396728516,-0.0009969805284237854
656,2019-08-13,26.68833923339844,-0.0009981182828709967
657,2019-08-14,26.439502716064453,-0.009323791756310817
658,2019-08-15,26.501708984375,0.0023527775457270472
659,2019-08-16,26.6350154876709,0.005030109694982077
660,2019-08-19,27.09715461730957,0.017350811372818242
661,2019-08-20,27.14159202575684,0.0016399289547133211
662,2019-08-21,27.328224182128903,0.006876242049285608
663,2019-08-22,27.754810333251957,0.015609728179923898
664,2019-08-23,27.34599494934082,-0.014729532610833651
665,2019-08-26,27.41709327697754,0.0025999539518832826
666,2019-08-27,27.39043235778809,-0.00097241961137573
667,2019-08-28,27.408206939697266,0.0006489339663207083
668,2019-08-29,27.976985931396484,0.02075214161038086
669,2019-08-30,28.225831985473636,0.008894669879284223
670,2019-09-03,27.879230499267575,-0.012279584402842048
671,2019-09-04,28.20805931091309,0.011794759243952457
672,2019-09-05,28.270267486572266,0.002205333411047894
673,2019-09-06,28.305816650390625,0.0012574753258081106
674,2019-09-09,28.38580322265625,0.0028257998436700404
675,2019-09-10,28.26137924194336,-0.004383317242669382
676,2019-09-11,28.865707397460938,0.02138353370314916
677,2019-09-12,28.990131378173828,0.004310442803277192
678,2019-09-13,28.75906753540039,-0.007970431032520264
679,2019-09-16,28.892370223999023,0.004635153362832378
680,2019-09-17,29.09678268432617,0.0070749633464599615
681,2019-09-18,28.746431350708008,-0.012040895978746358
682,2019-09-19,28.737449645996094,-0.0003124459033657656
683,2019-09-20,28.66558074951172,-0.0025008794228331688
684,2019-09-23,28.315235137939453,-0.01222182151597373
685,2019-09-24,28.21641731262207,-0.003489917171303203
686,2019-09-25,28.530834197998047,0.011143047747430579
687,2019-09-26,28.656599044799805,0.0044080325842903445
688,2019-09-27,28.80033302307129,0.005015737493719419
689,2019-09-30,28.80033302307129,0.0
690,2019-10-01,28.71049690246582,-0.0031192736741447735
691,2019-10-02,28.908130645751957,0.006883675470944706
692,2019-10-03,28.917112350463867,0.00031069821919560425
693,2019-10-04,29.04288101196289,0.004349281490307888
694,2019-10-07,29.08779525756836,0.0015464803779958736
695,2019-10-08,29.276443481445312,0.006485476888382191
696,2019-10-09,29.249494552612305,-0.0009204987228071948
697,2019-10-10,29.132715225219727,-0.003992524629187089
698,2019-10-11,29.16864776611328,0.001233408579178752
699,2019-10-14,29.231529235839844,0.00215578967632557
700,2019-10-15,29.141695022583008,-0.0030731958130569836
701,2019-10-16,29.177623748779297,0.0012328976117705892
702,2019-10-17,29.3572940826416,0.0061578124184915595
703,2019-10-18,29.47407531738281,0.003977929110648537
704,2019-10-21,29.635772705078125,0.0054860885695013906
705,2019-10-22,29.617809295654297,-0.0006061393979024388
706,2019-10-23,29.698657989501957,0.0027297324066275497
707,2019-10-24,29.321361541748047,-0.012704158143687083
708,2019-10-25,29.38424491882324,0.002144626776135805
709,2019-10-28,29.770523071289062,0.013145757310863537
710,2019-10-29,30.084941864013672,0.010561413112282203
711,2019-10-30,30.23765563964844,0.005076086778729616
712,2019-10-31,30.129854202270508,-0.0035651387350473795
713,2019-11-01,30.11189079284668,-0.0005961996796677305
714,2019-11-04,30.102901458740234,-0.0002985310410523745
715,2019-11-05,29.671703338623047,-0.014324138180108581
716,2019-11-06,29.698657989501957,0.0009084295084544891
717,2019-11-07,29.644760131835938,-0.001814824686188543
718,2019-11-08,29.635772705078125,-0.0003031708375390574
719,2019-11-11,29.860361099243164,0.007578287105925785
720,2019-11-12,29.518991470336918,-0.011432200292946226
721,2019-11-13,29.716625213623047,0.006695138737538686
722,2019-11-14,29.707639694213867,-0.0003023734809920464
723,2019-11-15,29.716625213623047,0.00030246493836827426
724,2019-11-18,29.824424743652344,0.0036275831880088205
725,2019-11-19,29.94120979309082,0.003915751953047497
726,2019-11-20,29.94120979309082,0.0
727,2019-11-21,29.57288932800293,-0.01230145567374108
728,2019-11-22,29.438140869140625,-0.004556486089937417
729,2019-11-25,29.698657989501957,0.008849645822383678
730,2019-11-26,29.80645751953125,0.003629777819166069
731,2019-11-27,30.06696891784668,0.008740099293742754
732,2019-11-29,30.14781951904297,0.0026890173538012263
733,2019-12-02,29.626789093017575,-0.017282524386093123
734,2019-12-03,29.680694580078125,0.001819484618846401
735,2019-12-04,29.86933898925781,0.006355794965334338
736,2019-12-05,29.770523071289062,-0.0033082726740047974
737,2019-12-06,29.93222045898437,0.005431459410642603
738,2019-12-09,30.06696891784668,0.004501786262297136
739,2019-12-10,30.084941864013672,0.0005977638190302059
740,2019-12-11,29.689672470092773,-0.013138446326655617
741,2019-12-12,29.29441261291504,-0.013313042020786536
742,2019-12-13,29.276443481445312,-0.0006133979099415265
743,2019-12-16,29.45610809326172,0.006136831884319349
744,2019-12-17,29.25847816467285,-0.006709302123795391
745,2019-12-18,29.72560310363769,0.015965455767581682
746,2019-12-19,29.56390953063965,-0.005439538852560988
747,2019-12-20,29.411195755004883,-0.005165547387313452
748,2019-12-23,29.141695022583008,-0.009163202158348649
749,2019-12-24,29.277999877929688,0.004677313905078417
750,2019-12-26,29.29617118835449,0.0006206472607610536
751,2019-12-27,29.441564559936523,0.004962879642095741
752,2019-12-30,29.48699760437012,0.0015431599886992498
753,2019-12-31,29.8686466217041,0.012942959553041034
754,2020-01-02,29.35978126525879,-0.017036773138410122
755,2020-01-03,29.59604263305664,0.00804710926363117
756,2020-01-06,29.441564559936523,-0.005219551648691589
757,2020-01-07,28.941783905029297,-0.016975342933619686
758,2020-01-08,29.20530128479004,0.00910508421407119
759,2020-01-09,29.08717155456543,-0.004044804368655175
760,2020-01-10,29.11443519592285,0.0009373080949544033
761,2020-01-13,29.423389434814453,0.010611720159176219
762,2020-01-14,29.20530128479004,-0.007412067549443013
763,2020-01-15,29.48699760437012,0.009645383104703198
764,2020-01-16,29.786865234375,0.010169486701502528
765,2020-01-17,29.55060577392578,-0.007931665806060306
766,2020-01-21,29.81412696838379,0.008917624108082611
767,2020-01-22,29.650562286376957,-0.005486146959133964
768,2020-01-23,29.859561920166016,0.00704875785391379
769,2020-01-24,29.55060577392578,-0.010346975185579588
770,2020-01-27,29.332517623901367,-0.007380158352518262
771,2020-01-28,29.24165153503418,-0.0030977937193207294
772,2020-01-29,28.78730583190918,-0.015537621142248104
773,2020-01-30,28.96904182434082,0.00631306012076327
774,2020-01-31,28.64191627502441,-0.011292246091534452
775,2020-02-03,29.059911727905277,0.014593836839239538
776,2020-02-04,28.941783905029297,-0.004064975282170091
777,2020-02-05,29.08717155456543,0.005023451561009917
778,2020-02-06,29.1871280670166,0.0034364466226515233
779,2020-02-07,29.04173851013184,-0.004981290264356675
780,2020-02-10,29.196216583251957,0.005319174438066954
781,2020-02-11,29.250736236572266,0.0018673533663120523
782,2020-02-12,29.4779109954834,0.007766462938703533
783,2020-02-13,29.69599723815918,0.007398293681977641
784,2020-02-14,29.80503845214844,0.0036719162220673063
785,2020-02-18,29.73234367370605,-0.0024390097184104897
786,2020-02-19,29.29617118835449,-0.014669966489634478
787,2020-02-20,29.54151725769043,0.008374680355276887
788,2020-02-21,29.65964698791504,0.003998769907251676
789,2020-02-24,29.259828567504883,-0.013480215073802593
790,2020-02-25,28.5692195892334,-0.023602632417281333
791,2020-02-26,28.88726234436035,0.011132357120696712
792,2020-02-27,26.488317489624023,-0.0830450745431982
793,2020-02-28,25.75227928161621,-0.027787276722884835
794,2020-03-02,26.33384323120117,0.022583008797987025
795,2020-03-03,26.12484359741211,-0.007936541277098086
796,2020-03-04,27.251617431640625,0.0431303571264301
797,2020-03-05,27.07896614074707,-0.00633545114621703
798,2020-03-06,27.051706314086918,-0.0010066790038609774
799,2020-03-09,25.043500900268555,-0.0742358130944446
800,2020-03-10,26.17936515808105,0.045355649848472845
801,2020-03-11,23.24429702758789,-0.11211380080342259
802,2020-03-12,19.046144485473636,-0.18061000240754133
803,2020-03-13,21.71769523620605,0.14026727313604015
804,2020-03-16,18.637237548828125,-0.14184091147215416
805,2020-03-17,20.62726593017578,0.10677700362695575
806,2020-03-18,15.793033599853516,-0.23436127437763
807,2020-03-19,17.274198532104492,0.09378596726753718
808,2020-03-20,16.665376663208008,-0.03524457981451212
809,2020-03-23,16.33824920654297,-0.019629166701478518
810,2020-03-24,20.29104995727539,0.2419353934905979
811,2020-03-25,20.06929016113281,-0.010928946338879308
812,2020-03-26,22.06513214111328,0.09944756211884953
813,2020-03-27,21.926532745361328,-0.0062813761941495905
814,2020-03-30,22.203733444213867,0.012642249555447016
815,2020-03-31,21.935771942138672,-0.012068308365727698
816,2020-04-01,20.18941307067871,-0.07961237361814477
817,2020-04-02,19.607290267944336,-0.02883307210053554
818,2020-04-03,18.03649139404297,-0.08011300146198386
819,2020-04-06,18.821889877319336,0.04354497036689553
820,2020-04-07,19.14529037475586,0.017182147996000374
821,2020-04-08,20.004613876342773,0.04488432845709034
822,2020-04-09,22.23145294189453,0.11131627330159022
823,2020-04-13,21.85261344909668,-0.017040698769801965
824,2020-04-14,22.813575744628903,0.04397470800326375
825,2020-04-15,22.554855346679688,-0.011340633351180296
826,2020-04-16,21.5384521484375,-0.04506360970263601
827,2020-04-17,22.296131134033203,0.03517796823903474
828,2020-04-20,21.39061164855957,-0.04061330102653693
829,2020-04-21,21.787931442260746,0.018574494279500087
830,2020-04-22,21.27049446105957,-0.023748788753646166
831,2020-04-23,22.028169631958008,0.03562094770695312
832,2020-04-24,22.33309364318848,0.013842457922064177
833,2020-04-27,23.635934829711918,0.058336798624439634
834,2020-04-28,24.50449562072754,0.036747469362784946
835,2020-04-29,26.42641830444336,0.07843143207118808
836,2020-04-30,25.095855712890625,-0.050349713541354646
837,2020-05-01,24.449052810668945,-0.025773295384761363
838,2020-05-04,23.552772521972656,-0.036659100687335244
839,2020-05-05,23.127731323242188,-0.01804633396488431
840,2020-05-06,23.635934829711918,0.02197377249704613
841,2020-05-07,24.245773315429688,0.02580132709416527
842,2020-05-08,25.345335006713867,0.04535065460603116
843,2020-05-11,24.541454315185547,-0.031717106572683895
844,2020-05-12,23.09077262878418,-0.05911148001949207
845,2020-05-13,21.418333053588867,-0.07242891357868664
846,2020-05-14,21.51073455810547,0.004314131463238224
847,2020-05-15,21.63085174560547,0.005584057911901308
848,2020-05-18,24.051734924316406,0.11191806994852915
849,2020-05-19,23.42341423034668,-0.02612371606234909
850,2020-05-20,24.15337371826172,0.031163667291906894
851,2020-05-21,24.227293014526367,0.003060412890012243
852,2020-05-22,24.73549461364746,0.020976408665069668
853,2020-05-26,25.77961540222168,0.04221143764791102
854,2020-05-27,26.768295288085938,0.03835122713968242
855,2020-05-28,25.622535705566406,-0.04280285950930496
856,2020-05-29,24.596893310546875,-0.04002891855846702
857,2020-06-01,25.114334106445312,0.02103683539890655
858,2020-06-02,25.53937339782715,0.016924171255361165
859,2020-06-03,26.879173278808597,0.052460170424362795
860,2020-06-04,27.16561508178711,0.010656644830826734
861,2020-06-05,28.13581657409668,0.035714320820220635
862,2020-06-08,29.272336959838867,0.04039407858482158
863,2020-06-09,28.348337173461918,-0.031565630979332515
864,2020-06-10,27.516735076904297,-0.02933512789371362
865,2020-06-11,25.92745590209961,-0.05775682217977318
866,2020-06-12,27.16561508178711,0.04775475019079045
867,2020-06-15,27.87709617614746,0.026190501934828525
868,2020-06-16,28.838054656982425,0.03447125463724565
869,2020-06-17,28.754898071289062,-0.002883571263127105
870,2020-06-18,29.087535858154297,0.011568039157730858
871,2020-06-19,28.01569557189941,-0.036848782636031086
872,2020-06-22,28.089614868164062,0.002638495841552402
873,2020-06-23,28.10809898376465,0.0006580409054142144
874,2020-06-24,27.266254425048828,-0.02995024883049091
875,2020-06-25,27.71523666381836,0.016466590231662526
876,2020-06-26,27.163366317749023,-0.019912164300216473
877,2020-06-29,27.75265312194824,0.02169417432677201
878,2020-06-30,27.762006759643555,0.00033703580173805037
879,2020-07-01,28.248401641845703,0.017520162948349904
880,2020-07-02,27.98649787902832,-0.009271454227322118
881,2020-07-06,27.846189498901367,-0.005013431145741598
882,2020-07-07,27.4720401763916,-0.013436284433980705
883,2020-07-08,27.275609970092773,-0.007150186336274844
884,2020-07-09,26.5927848815918,-0.025034273816412544
885,2020-07-10,27.00435256958008,0.01547666744272358
886,2020-07-13,27.200780868530277,0.007273949576982908
887,2020-07-14,27.64975929260254,0.016506085845193752
888,2020-07-15,28.248401641845703,0.021650906357196575
889,2020-07-16,27.4720401763916,-0.02748337676932633
890,2020-07-17,27.90231132507324,0.01566214762059781
891,2020-07-20,27.378501892089844,-0.0187729764348481
892,2020-07-21,27.78071403503418,0.01469080172938697
893,2020-07-22,28.154865264892575,0.013468020634262778
894,2020-07-23,27.9210205078125,-0.008305660669300607
895,2020-07-24,27.687175750732425,-0.008375222424790829
896,2020-07-27,27.995851516723636,0.011148690959678076
897,2020-07-28,28.070680618286133,0.0026728639247781683
898,2020-07-29,28.35129165649414,0.009996588327295886
899,2020-07-30,28.18292236328125,-0.0059386815688280414
900,2020-07-31,27.71523666381836,-0.016594648824361236
901,2020-08-03,27.500099182128903,-0.007762426289157909
902,2020-08-04,27.67782020568848,0.006462559366879228
903,2020-08-05,27.67782020568848,0.0
904,2020-08-06,27.64975929260254,-0.0010138411506905864
905,2020-08-07,28.080034255981445,0.015561616968362557
906,2020-08-10,28.35129165649414,0.009660152051093496
907,2020-08-11,28.210987091064453,-0.004948789181446367
908,2020-08-12,28.388710021972656,0.006299777116430372
909,2020-08-13,28.080034255981445,-0.010873187466154621
910,2020-08-14,27.874250411987305,-0.0073284755324081186
911,2020-08-17,28.033266067504883,0.005704750914097945
912,2020-08-18,27.6216983795166,-0.014681403408265514
913,2020-08-19,26.90145874023437,-0.026075139529303404
914,2020-08-20,27.359792709350582,0.017037513598870957
915,2020-08-21,27.09788703918457,-0.009572648190295019
916,2020-08-24,27.415916442871094,0.011736317419385633
917,2020-08-25,27.50945472717285,0.003411824094834426
918,2020-08-26,27.210132598876957,-0.010880700154344947
919,2020-08-27,27.39720916748047,0.006875253838756867
920,2020-08-28,27.4720401763916,0.0027313369202566218
921,2020-08-31,27.39720916748047,-0.0027238970397051032
922,2020-09-01,27.39720916748047,0.0
923,2020-09-02,27.593639373779297,0.007169715904201901
924,2020-09-03,27.490745544433597,-0.003728896647227864
925,2020-09-04,27.25690460205078,-0.008506169540031472
926,2020-09-08,27.00435256958008,-0.00926561677336235
927,2020-09-09,27.182071685791016,0.006581128570033901
928,2020-09-10,26.564722061157227,-0.022711647286122738
929,2020-09-11,25.88189697265625,-0.025704206011603614
930,2020-09-14,26.75180053710937,0.033610502559845434
931,2020-09-15,26.85468864440918,0.0038460255098375917
932,2020-09-16,26.452476501464844,-0.014977352680202172
933,2020-09-17,25.769651412963867,-0.02581327644174125
934,2020-09-18,24.787504196166992,-0.03811255344737763
935,2020-09-21,24.114032745361328,-0.027169796744192065
936,2020-09-22,24.497539520263672,0.015903883807079744
937,2020-09-23,23.738513946533203,-0.03098374729031972
938,2020-09-24,24.061098098754883,0.013589062607214819
939,2020-09-25,24.18444061279297,0.005126221319236901
940,2020-09-28,24.782175064086918,0.02471566164642902
941,2020-09-29,24.45958709716797,-0.013016935199785085
942,2020-09-30,24.677806854248047,0.008921645169772452
943,2020-10-01,25.114246368408203,0.017685506525675132
944,2020-10-02,25.322980880737305,0.008311398608865872
945,2020-10-05,25.0762939453125,-0.009741623096689023
946,2020-10-06,25.0098819732666,-0.0026483966167700768
947,2020-10-07,25.180662155151367,0.006828508110006792
948,2020-10-08,25.607614517211918,0.016955565323495847
949,2020-10-09,25.550689697265625,-0.00222296457594795
950,2020-10-12,25.598125457763672,0.0018565354227257913
951,2020-10-13,25.095273971557617,-0.019644074603655914
952,2020-10-14,24.6303653717041,-0.01852574314910571
953,2020-10-15,24.90551376342773,0.011171104755097305
954,2020-10-16,24.46907615661621,-0.01752373434080301
955,2020-10-19,23.74800109863281,-0.02946883050950122
956,2020-10-20,24.01366233825684,0.01118667792378214
957,2020-10-21,24.450098037719727,0.018174474735058954
958,2020-10-22,25.93968772888184,0.06092366946194194
959,2020-10-23,26.300222396850582,0.01389895945305919
960,2020-10-26,25.503246307373047,-0.03030301711718497
961,2020-10-27,25.22810173034668,-0.010788609956169481
962,2020-10-28,24.71575927734375,-0.020308402846918816
963,2020-10-29,24.82012367248535,0.0042225850304857815
964,2020-10-30,24.933979034423828,0.004587219767349104
965,2020-11-02,25.5222225189209,0.023592042156004966
966,2020-11-03,26.09149169921875,0.022304843548629938
967,2020-11-04,25.313491821289062,-0.029818144815115466
968,2020-11-05,25.379907608032227,0.0026237307445393654
969,2020-11-06,24.915000915527344,-0.018317903267612734
970,2020-11-09,26.02507781982422,0.04455456004438929
971,2020-11-10,27.08771133422852,0.040831136865798534
972,2020-11-11,26.907445907592773,-0.006654878458039359
973,2020-11-12,26.18637084960937,-0.026798346467359346
974,2020-11-13,27.030784606933597,0.03224630714098442
975,2020-11-16,27.86571502685547,0.0308881311461342
976,2020-11-17,27.95110321044922,0.003064273911918658
977,2020-11-18,27.106689453125,-0.03021039101628531
978,2020-11-19,27.37234687805176,0.009800437836060993
979,2020-11-20,27.14463996887207,-0.008318866854718832
980,2020-11-23,27.324907302856445,0.006640991893467563
981,2020-11-24,27.75185775756836,0.015624955282731445
982,2020-11-25,27.67595863342285,-0.0027349204802264993
983,2020-11-27,27.2110538482666,-0.0167981456871672
984,2020-11-30,26.9359073638916,-0.010111570316580276
985,2020-12-01,26.860004425048828,-0.002817909113562056
986,2020-12-02,26.831541061401367,-0.0010596931853412705
987,2020-12-03,27.07822799682617,0.00919391602816555
988,2020-12-04,27.505176544189453,0.01576722625325888
989,2020-12-07,27.44824981689453,-0.002069673219637913
990,2020-12-08,27.419788360595703,-0.0010369133365039085
991,2020-12-09,27.45773696899414,0.0013839861890754257
992,2020-12-10,27.305932998657227,-0.00552864099864947
993,2020-12-11,27.305932998657227,0.0
994,2020-12-14,27.353370666503903,0.0017372659578784866
995,2020-12-15,28.30215072631836,0.0346860381991716
996,2020-12-16,28.27368927001953,-0.001005628744403575
997,2020-12-17,28.169322967529297,-0.0036912870299137257
998,2020-12-18,26.860004425048828,-0.04648029858544056
999,2020-12-21,27.182588577270508,0.012009832430289746
1000,2020-12-22,27.419788360595703,0.008726166113684153
1001,2020-12-23,27.044700622558597,-0.013679454162969895
1002,2020-12-24,27.217817306518555,0.006401131459209397
1003,2020-12-28,27.0543155670166,-0.006007158386752587
1004,2020-12-29,26.563819885253903,-0.018130034764608505
1005,2020-12-30,26.54458236694336,-0.0007241999981042468
1006,2020-12-31,26.486879348754883,-0.0021738152588279824
1007,2021-01-04,25.957910537719727,-0.019970975216452636
1008,2021-01-05,26.054086685180664,0.0037050804732985387
1009,2021-01-06,26.44840812683105,0.015134725174406949
1010,2021-01-07,25.977144241333008,-0.017818232509047016
1011,2021-01-08,25.91944122314453,-0.0022212995259373036
1012,2021-01-11,25.457794189453125,-0.017810840508366454
1013,2021-01-12,25.58282470703125,0.004911286368632917
1014,2021-01-13,25.553970336914062,-0.001127880538901449
1015,2021-01-14,25.448177337646484,-0.00413998286265338
1016,2021-01-15,25.35200309753418,-0.0037792191887169313
1017,2021-01-19,25.14041328430176,-0.008346078707011428
1018,2021-01-20,26.140644073486328,0.03978577352223289
1019,2021-01-21,25.93867301940918,-0.007726322791028806
1020,2021-01-22,26.19835090637207,0.0100112248135662
1021,2021-01-25,26.294527053833008,0.003671076389680117
1022,2021-01-26,26.611906051635746,0.012070154262632915
1023,2021-01-27,25.794410705566406,-0.0307191579770022
1024,2021-01-28,26.03484916687012,0.009321339574229093
1025,2021-01-29,25.553970336914062,-0.018470582520907608
1026,2021-02-01,26.073322296142575,0.020323728656688633
1027,2021-02-02,26.44840812683105,0.014385808851983928
1028,2021-02-03,26.27528953552246,-0.006545520262634108
1029,2021-02-04,26.573436737060547,0.011347056752124773
1030,2021-02-05,26.765789031982425,0.007238517803518141
1031,2021-02-08,26.77540779113769,0.0003593676668292023
1032,2021-02-09,27.458253860473636,0.025502732756210733
1033,2021-02-10,27.70831298828125,0.009106883820007683
1034,2021-02-11,27.58328628540039,-0.004512245221632072
1035,2021-02-12,27.188962936401367,-0.014295734921467074
1036,2021-02-16,27.467872619628903,0.01025819498448488
1037,2021-02-17,27.227434158325195,-0.008753443145498196
1038,2021-02-18,26.967758178710938,-0.009537291619337473
1039,2021-02-19,26.79464340209961,-0.006419323974359514
1040,2021-02-22,27.169727325439453,0.013998466697655365
1041,2021-02-23,27.650609970092773,0.01769920761048871
1042,2021-02-24,27.669841766357425,0.0006955288250585223
1043,2021-02-25,27.083171844482425,-0.02120250367995624
1044,2021-02-26,26.910053253173828,-0.006392109177709382
1045,2021-03-01,27.400548934936523,0.01822722820902789
1046,2021-03-02,27.294755935668945,-0.003860981016066023
1047,2021-03-03,27.939136505126957,0.023608218772014355
1048,2021-03-04,27.342845916748047,-0.02134248452057519
1049,2021-03-05,27.506345748901367,0.005979620140900366
1050,2021-03-08,27.967987060546875,0.01678308401485662
1051,2021-03-09,27.496726989746094,-0.01684998172305241
1052,2021-03-10,27.602519989013672,0.003847476076226375
1053,2021-03-11,27.467872619628903,-0.004878082488061319
1054,2021-03-12,28.08340072631836,0.022409019992672974
1055,2021-03-15,28.53542900085449,0.016095923671826107
1056,2021-03-16,28.160341262817383,-0.01314463287115375
1057,2021-03-17,28.24690055847168,0.003073801373586038
1058,2021-03-18,27.9102840423584,-0.011916936352591279
1059,2021-03-19,27.5929012298584,-0.011371536456537656
1060,2021-03-22,27.564048767089844,-0.0010456480283898006
1061,2021-03-23,27.285140991210938,-0.01011853440819288
1062,2021-03-24,27.24613380432129,-0.001429612802888336
1063,2021-03-25,27.821481704711918,0.021116680426027212
1064,2021-03-26,27.967756271362305,0.005257612380350496
1065,2021-03-29,27.64595031738281,-0.011506320022854677
1066,2021-03-30,28.19204330444336,0.019753091530269717
1067,2021-03-31,27.6166934967041,-0.02040823368232325
1068,2021-04-01,28.104278564453125,0.017655446978372513
1069,2021-04-05,28.57235717773437,0.016655065961140858
1070,2021-04-06,28.728384017944336,0.0054607619259201545
1071,2021-04-07,28.894163131713867,0.005770568705360635
1072,2021-04-08,29.01118278503418,0.004049940909756744
1073,2021-04-09,29.01118278503418,0.0
1074,2021-04-12,29.20621681213379,0.006722718909627501
1075,2021-04-13,29.410999298095703,0.007011606031659623
1076,2021-04-14,29.215967178344727,-0.006631264642667389
1077,2021-04-15,29.879079818725582,0.022696925839660764
1078,2021-04-16,29.81081962585449,-0.0022845480277580155
1079,2021-04-19,29.65479278564453,-0.005233899710514467
1080,2021-04-20,30.04485893249512,0.01315356170822457
1081,2021-04-21,30.02535629272461,-0.0006491173686097307
1082,2021-04-22,29.97659683227539,-0.0016239427760273983
1083,2021-04-23,30.12286949157715,0.004879561883564643
1084,2021-04-26,30.18138313293457,0.0019424989167708961
1085,2021-04-27,29.957094192504883,-0.007431367192212601
1086,2021-04-28,29.830322265625,-0.004231783165124181
1087,2021-04-29,30.746978759765625,0.030729017473503317
1088,2021-04-30,30.79573631286621,0.0015857672873014206
1089,2021-05-03,31.020023345947266,0.007283054732071692
1090,2021-05-04,30.990768432617188,-0.0009430977212304681
1091,2021-05-05,30.47393226623535,-0.01667710071486561
1092,2021-05-06,30.48368263244629,0.00031995759935909973
1093,2021-05-07,30.83474540710449,0.011516416139450758
1094,2021-05-10,30.65921401977539,-0.005692649153141827
1095,2021-05-11,30.035106658935547,-0.020356273987887974
1096,2021-05-12,29.225719451904297,-0.026948038381293893
1097,2021-05-13,29.71330070495605,0.016683293420856504
1098,2021-05-14,29.586530685424805,-0.004266440163953278
1099,2021-05-17,29.19646453857422,-0.013183909630970825
1100,2021-05-18,29.04043960571289,-0.005343966652372911
1101,2021-05-19,29.264724731445312,0.007723200088482818
1102,2021-05-20,29.37199592590332,0.0036655459923988776
1103,2021-05-21,29.089195251464844,-0.009628241647312574
1104,2021-05-24,29.732805252075195,0.022125397249617595
1105,2021-05-25,29.82056999206543,0.0029517813487884847
1106,2021-05-26,30.200883865356445,0.012753407241786752
1107,2021-05-27,30.18138313293457,-0.0006457007188536146
1108,2021-05-28,30.356910705566406,0.005815756417083984
1109,2021-06-01,30.912755966186523,0.018310336845909436
1110,2021-06-02,31.517358779907227,0.019558360127516217
1111,2021-06-03,31.68313980102539,0.0052599909236001885
1112,2021-06-04,31.7904052734375,0.0033855695201217006
1113,2021-06-07,32.19021987915039,0.012576580961267458
1114,2021-06-08,32.64855194091797,0.014238239548790332
1115,2021-06-09,32.882591247558594,0.007168443705073191
1116,2021-06-10,32.65830612182617,-0.006820786234390086
1117,2021-06-11,32.59979248046875,-0.0017916924760013053
1118,2021-06-14,33.2336540222168,0.019443729346676264
1119,2021-06-15,32.93135070800781,-0.009096300816241687
1120,2021-06-16,32.84358596801758,-0.0026650816958107004
1121,2021-06-17,32.59004211425781,-0.007719737242049662
1122,2021-06-18,31.71239280700684,-0.026929983832914783
1123,2021-06-21,31.97568893432617,0.00830262569342155
1124,2021-06-22,31.673385620117188,-0.009454161091880464
1125,2021-06-23,31.29831886291504,-0.011841700843118197
1126,2021-06-24,31.22922706604004,-0.0022075242180775723
1127,2021-06-25,30.952863693237305,-0.008849510499197244
1128,2021-06-28,30.77519989013672,-0.005739817965192073
1129,2021-06-29,30.814680099487305,0.0012828579340353752
1130,2021-06-30,30.745590209960938,-0.002242109582293428
1131,2021-07-01,31.041696548461918,0.009630855562663632
1132,2021-07-02,31.219356536865234,0.005723269284781285
1133,2021-07-06,31.50559425354004,0.009168597576212134
1134,2021-07-07,31.545072555541992,0.0012530568915556373
1135,2021-07-08,31.347671508789062,-0.00625774584621297
1136,2021-07-09,31.96949005126953,0.019836195562599412
1137,2021-07-12,32.235984802246094,0.008335908722634677
1138,2021-07-13,31.377281188964844,-0.02663804498448019
1139,2021-07-14,31.6931266784668,0.010066056635048337
1140,2021-07-15,31.58455467224121,-0.00342572720347456
1141,2021-07-16,31.732608795166016,0.004687548216563142
1142,2021-07-19,30.60740852355957,-0.03545880135067414
1143,2021-07-20,31.51546287536621,0.029667795988271184
1144,2021-07-21,31.77208709716797,0.008142803512568575
1145,2021-07-22,31.347671508789062,-0.013358127436857492
1146,2021-07-23,31.70299530029297,0.011334934124350493
1147,2021-07-26,31.831308364868164,0.004047348313930721
1148,2021-07-27,31.781959533691406,-0.0015503236816750698
1149,2021-07-28,31.60429573059082,-0.0055900833588391485
1150,2021-07-29,31.60429573059082,0.0
1151,2021-07-30,31.17987823486328,-0.013429107844878607
1152,2021-08-02,31.05156517028809,-0.004115252266499225
1153,2021-08-03,30.92325210571289,-0.0041322575487426905
1154,2021-08-04,30.56792640686035,-0.011490566957118142
1155,2021-08-05,31.337800979614254,0.02518569832009021
1156,2021-08-06,31.43650245666504,0.0031495980561939696
1157,2021-08-09,31.31805992126465,-0.003767675350133559
1158,2021-08-10,31.17987823486328,-0.004412204547432519
1159,2021-08-11,31.288450241088867,0.003482117710908339
1160,2021-08-12,31.18974876403809,-0.003154565863449532
1161,2021-08-13,31.387149810791016,0.0063290361280667895
1162,2021-08-16,31.20948982238769,-0.0056602778358118
1163,2021-08-17,31.17000770568848,-0.0012650676740921796
1164,2021-08-18,30.903512954711918,-0.008549717199072937
1165,2021-08-19,30.57779693603516,-0.01053977323400368
