,Date,Adj Close,daily_return
0,2017-01-03,10.100000381469728,
1,2017-01-04,10.050000190734863,-0.004950513747167706
2,2017-01-05,10.649999618530272,0.05970143446848386
3,2017-01-06,10.350000381469728,-0.02816894345597587
4,2017-01-09,10.600000381469728,0.02415458848171559
5,2017-01-10,10.649999618530272,0.004716908986904356
6,2017-01-11,10.800000190734863,0.014084561274875673
7,2017-01-12,10.899999618530272,0.009259206113829244
8,2017-01-13,11.100000381469728,0.018348694489809914
9,2017-01-17,11.050000190734863,-0.004504521533020389
10,2017-01-18,11.050000190734863,0.0
11,2017-01-19,10.800000190734863,-0.022624433998618243
12,2017-01-20,11.079999923706056,0.025925900743168473
13,2017-01-23,11.399999618530272,0.028880839081917742
14,2017-01-24,11.300000190734863,-0.008771879924703074
15,2017-01-25,11.149999618530272,-0.013274386696699447
16,2017-01-26,10.850000381469728,-0.02690576209186346
17,2017-01-27,10.880000114440918,0.0027649522503634394
18,2017-01-30,10.800000190734863,-0.007352934086817808
19,2017-01-31,10.600000381469728,-0.01851850053083437
20,2017-02-01,10.75,0.014150906899257354
21,2017-02-02,11.149999618530272,0.037209266840025235
22,2017-02-03,11.199999809265137,0.004484322192421342
23,2017-02-06,11.050000190734863,-0.013392823311138558
24,2017-02-07,11.100000381469728,0.004524904060797086
25,2017-02-08,11.050000190734863,-0.004504521533020389
26,2017-02-09,11.0,-0.004524904060796975
27,2017-02-10,10.850000381469728,-0.013636328957297383
28,2017-02-13,10.029999732971191,-0.07557609397866771
29,2017-02-14,9.5,-0.05284145035706689
30,2017-02-15,9.5,0.0
31,2017-02-16,9.300000190734863,-0.02105261150159332
32,2017-02-17,9.609999656677246,0.03333327522414686
33,2017-02-21,9.600000381469728,-0.0010405073428457756
34,2017-02-22,9.550000190734863,-0.0052083529945871065
35,2017-02-23,9.949999809265137,0.04188477597291995
36,2017-02-24,9.850000381469728,-0.010050193940937757
37,2017-02-27,10.300000190734863,0.045685258054577904
38,2017-02-28,10.0,-0.029126231570822836
39,2017-03-01,10.050000190734863,0.005000019073486239
40,2017-03-02,10.050000190734863,0.0
41,2017-03-03,10.130000114440918,0.0079601912624645
42,2017-03-06,10.09000015258789,-0.003948663514426354
43,2017-03-07,10.649999618530272,0.05550044177142577
44,2017-03-08,10.75,0.009389707516583856
45,2017-03-09,11.0,0.023255813953488413
46,2017-03-10,11.350000381469728,0.03181821649724803
47,2017-03-13,11.600000381469728,0.02202643097776069
48,2017-03-14,11.600000381469728,0.0
49,2017-03-15,11.649999618530272,0.004310278915198529
50,2017-03-16,11.600000381469728,-0.0042917801457277305
51,2017-03-17,11.550000190734863,-0.004310361128499363
52,2017-03-20,11.75,0.01731600051622273
53,2017-03-21,11.75,0.0
54,2017-03-22,11.75,0.0
55,2017-03-23,11.850000381469728,0.008510670763381079
56,2017-03-24,11.789999961853027,-0.0050633263869362954
57,2017-03-27,11.850000381469728,0.005089094131538019
58,2017-03-28,11.800000190734863,-0.0042194252426398515
59,2017-03-29,11.75,-0.004237304231073047
60,2017-03-30,11.75,0.0
61,2017-03-31,11.800000190734863,0.004255335381690539
62,2017-04-03,11.300000190734863,-0.04237288067101819
63,2017-04-04,11.050000190734863,-0.022123893431876263
64,2017-04-05,11.199999809265137,0.013574625877024404
65,2017-04-06,11.050000190734863,-0.013392823311138558
66,2017-04-07,11.09000015258789,0.0036199059875643425
67,2017-04-10,11.029999732971191,-0.005410317294062272
68,2017-04-11,11.350000381469728,0.02901184553450009
69,2017-04-12,11.449999809265137,0.00881052197660459
70,2017-04-13,11.449999809265137,0.0
71,2017-04-17,11.399999618530272,-0.004366828957883984
72,2017-04-18,11.149999618530272,-0.021929825295224914
73,2017-04-19,11.050000190734863,-0.008968558853510555
74,2017-04-20,11.100000381469728,0.004524904060797086
75,2017-04-21,11.0,-0.009009043066040667
76,2017-04-24,10.649999618530272,-0.03181821649724803
77,2017-04-25,10.829999923706056,0.016901437711095868
78,2017-04-26,10.829999923706056,0.0
79,2017-04-27,10.699999809265137,-0.012003704095727596
80,2017-04-28,11.100000381469728,0.037383231713539855
81,2017-05-01,11.100000381469728,0.0
82,2017-05-02,10.800000190734863,-0.027027043281519503
83,2017-05-03,11.050000190734863,0.023148147739337155
84,2017-05-04,10.850000381469728,-0.018099529937821157
85,2017-05-05,10.600000381469728,-0.02304147384427424
86,2017-05-08,10.600000381469728,0.0
87,2017-05-09,10.649999618530272,0.004716908986904356
88,2017-05-10,10.600000381469728,-0.004694764211404134
89,2017-05-11,10.649999618530272,0.004716908986904356
90,2017-05-12,10.600000381469728,-0.004694764211404134
91,2017-05-15,10.199999809265137,-0.037735901680140294
92,2017-05-16,9.449999809265137,-0.07352941313966888
93,2017-05-17,10.100000381469728,0.06878313072210918
94,2017-05-18,9.649999618530272,-0.044554529301312096
95,2017-05-19,10.149999618530272,0.051813473550805345
96,2017-05-22,10.800000190734863,0.06403946764864132
97,2017-05-23,10.649999618530272,-0.013888941625508022
98,2017-05-24,10.300000190734863,-0.0328637972142678
99,2017-05-25,10.350000381469728,0.004854387360093693
100,2017-05-26,10.600000381469728,0.02415458848171559
101,2017-05-30,10.75,0.014150906899257354
102,2017-05-31,10.800000190734863,0.004651180533475685
103,2017-06-01,10.600000381469728,-0.01851850053083437
104,2017-06-02,10.350000381469728,-0.023584904811610685
105,2017-06-05,10.100000381469728,-0.024154588481715478
106,2017-06-06,9.899999618530272,-0.019802054988670492
107,2017-06-07,10.0,0.010101049022522401
108,2017-06-08,9.800000190734863,-0.019999980926513672
109,2017-06-09,9.649999618530272,-0.015306180539302994
110,2017-06-12,9.81999969482422,0.017616588913382802
111,2017-06-13,9.600000381469728,-0.02240318942885977
112,2017-06-14,9.68000030517578,0.008333325054910468
113,2017-06-15,9.649999618530272,-0.003099244390464162
114,2017-06-16,9.899999618530272,0.025906736775402672
115,2017-06-19,9.850000381469728,-0.005050428180518041
116,2017-06-20,10.06999969482422,0.022334954805521168
117,2017-06-21,9.649999618530272,-0.04170805253448229
118,2017-06-22,9.670000076293944,0.002072586378684127
119,2017-06-23,9.649999618530272,-0.002068299649004457
120,2017-06-26,9.609999656677246,-0.004145073931009935
121,2017-06-27,9.600000381469728,-0.0010405073428457756
122,2017-06-28,9.5,-0.010416705989173991
123,2017-06-29,9.649999618530272,0.01578943352950235
124,2017-06-30,9.550000190734863,-0.010362635414346122
125,2017-07-03,9.600000381469728,0.005235621961910963
126,2017-07-05,9.399999618530272,-0.020833411978347982
127,2017-07-06,9.449999809265137,0.00531916944297528
128,2017-07-07,9.449999809265137,0.0
129,2017-07-10,8.449999809265137,-0.10582010795593477
130,2017-07-11,7.5,-0.11242601546848485
131,2017-07-12,7.900000095367432,0.05333334604899087
132,2017-07-13,7.949999809265137,0.006329077632166724
133,2017-07-14,7.949999809265137,0.0
134,2017-07-17,7.849999904632568,-0.01257860465808136
135,2017-07-18,8.149999618530273,0.03821652452768376
136,2017-07-19,8.199999809265137,0.006134993015359136
137,2017-07-20,8.350000381469727,0.01829275313337253
138,2017-07-21,8.5,0.017964025350603707
139,2017-07-24,8.5,0.0
140,2017-07-25,8.300000190734863,-0.023529389325310235
141,2017-07-26,8.300000190734863,0.0
142,2017-07-27,8.399999618530273,0.012048123553905166
143,2017-07-28,8.25,-0.017857098255025683
144,2017-07-31,8.600000381469727,0.04242428866299708
145,2017-08-01,8.630000114440918,0.003488340888429642
146,2017-08-02,8.430000305175781,-0.023174948622592617
147,2017-08-03,8.449999809265137,0.0023724203280368616
148,2017-08-04,8.199999809265137,-0.02958579948438389
149,2017-08-07,8.399999618530273,0.02439022120941492
150,2017-08-08,8.300000190734863,-0.01190469432579655
151,2017-08-09,8.210000038146973,-0.01084339162887682
152,2017-08-10,8.289999961853027,0.00974420503463369
153,2017-08-11,8.449999809265137,0.01930034356433774
154,2017-08-14,9.5,0.12426038040658582
155,2017-08-15,9.25,-0.02631578947368418
156,2017-08-16,9.800000190734863,0.05945948007944457
157,2017-08-17,9.600000381469728,-0.02040814340536634
158,2017-08-18,9.800000190734863,0.020833312637276835
159,2017-08-21,9.899999618530272,0.010204023045831123
160,2017-08-22,9.949999809265137,0.005050524511261312
161,2017-08-23,9.800000190734863,-0.015075338834740326
162,2017-08-24,9.850000381469728,0.005102060179767776
163,2017-08-25,10.0,0.015228387078284555
164,2017-08-28,10.300000190734863,0.030000019073486373
165,2017-08-29,10.050000190734863,-0.024271844210729476
166,2017-08-30,9.800000190734863,-0.024875621418442906
167,2017-08-31,9.800000190734863,0.0
168,2017-09-01,9.949999809265137,0.015306083225598899
169,2017-09-05,9.850000381469728,-0.010050193940937757
170,2017-09-06,10.0,0.015228387078284555
171,2017-09-07,9.800000190734863,-0.019999980926513672
172,2017-09-08,10.149999618530272,0.03571422663096535
173,2017-09-11,10.100000381469728,-0.004926033393071516
174,2017-09-12,10.0,-0.009901027494335302
175,2017-09-13,10.100000381469728,0.010000038146972923
176,2017-09-14,10.149999618530272,0.004950419323971111
177,2017-09-15,10.25,0.009852254702272356
178,2017-09-18,10.449999809265137,0.019512176513671875
179,2017-09-19,10.300000190734863,-0.014354030743357615
180,2017-09-20,9.449999809265137,-0.08252430735237515
181,2017-09-21,9.850000381469728,0.042328103733125566
182,2017-09-22,10.199999809265137,0.03553293545590552
183,2017-09-25,10.199999809265137,0.0
184,2017-09-26,10.100000381469728,-0.009803865653465471
185,2017-09-27,10.149999618530272,0.004950419323971111
186,2017-09-28,10.100000381469728,-0.004926033393071516
187,2017-09-29,10.149999618530272,0.004950419323971111
188,2017-10-02,9.899999618530272,-0.02463054279761645
189,2017-10-03,9.899999618530272,0.0
190,2017-10-04,10.25,0.03535357524808558
191,2017-10-05,10.449999809265137,0.019512176513671875
192,2017-10-06,10.100000381469728,-0.03349276882140162
193,2017-10-09,10.0,-0.009901027494335302
194,2017-10-10,9.8100004196167,-0.0189999580383301
195,2017-10-11,9.899999618530272,0.009174229873997186
196,2017-10-12,9.699999809265137,-0.020202001714301754
197,2017-10-13,9.850000381469728,0.015463976820011549
198,2017-10-16,9.600000381469728,-0.02538070967695716
199,2017-10-17,9.449999809265137,-0.015625058983760876
200,2017-10-18,9.449999809265137,0.0
201,2017-10-19,9.600000381469728,0.015873076744141956
202,2017-10-20,10.100000381469728,0.05208333126372766
203,2017-10-23,10.199999809265137,0.009900933071138818
204,2017-10-24,9.9399995803833,-0.02549021899448134
205,2017-10-25,10.149999618530272,0.021126765292969196
206,2017-10-26,10.149999618530272,0.0
207,2017-10-27,10.210000038146973,0.0059113716129763905
208,2017-10-30,10.050000190734863,-0.01567089586819903
209,2017-10-31,10.199999809265137,0.014925334893879816
210,2017-11-01,10.25,0.00490197957547478
211,2017-11-02,10.229999542236328,-0.001951264172065592
212,2017-11-03,10.350000381469728,0.011730287839990305
213,2017-11-06,10.479999542236328,0.012560304925142374
214,2017-11-07,10.43000030517578,-0.004770919775238802
215,2017-11-08,10.5,0.0067113799401792296
216,2017-11-09,10.550000190734863,0.004761922927129847
217,2017-11-10,10.75,0.018957327549697922
218,2017-11-13,10.449999809265137,-0.027906994486963987
219,2017-11-14,10.399999618530272,-0.004784707334686611
220,2017-11-15,10.300000190734863,-0.00961532994840053
221,2017-11-16,10.529999732971191,0.022330052230796982
222,2017-11-17,10.550000190734863,0.001899378753168257
223,2017-11-20,10.550000190734863,0.0
224,2017-11-21,10.550000190734863,0.0
225,2017-11-22,10.579999923706056,0.0028435765335377283
226,2017-11-24,10.75,0.016068060257073746
227,2017-11-27,10.949999809265137,0.01860463342001273
228,2017-11-28,10.550000190734863,-0.03652964616417809
229,2017-11-29,10.5,-0.0047393544863415515
230,2017-11-30,10.699999809265137,0.019047600882393878
231,2017-12-01,10.800000190734863,0.00934583021049562
232,2017-12-04,10.25,-0.05092594268717687
233,2017-12-05,10.199999809265137,-0.004878067388767171
234,2017-12-06,10.0,-0.01960782480441492
235,2017-12-07,9.75,-0.025000000000000022
236,2017-12-08,10.0,0.02564102564102555
237,2017-12-11,9.75,-0.025000000000000022
238,2017-12-12,9.600000381469728,-0.01538457625951506
239,2017-12-13,9.649999618530272,0.005208253653515849
240,2017-12-14,9.649999618530272,0.0
241,2017-12-15,9.649999618530272,0.0
242,2017-12-18,9.649999618530272,0.0
243,2017-12-19,9.300000190734863,-0.036269372189748794
244,2017-12-20,9.25,-0.005376364484882101
245,2017-12-21,9.300000190734863,0.005405426025390625
246,2017-12-22,9.550000190734863,0.026881719878786958
247,2017-12-26,9.729999542236328,0.01884809925722264
248,2017-12-27,9.68000030517578,-0.005138667976654077
249,2017-12-28,9.600000381469728,-0.008264454667762378
250,2017-12-29,9.449999809265137,-0.015625058983760876
251,2018-01-02,9.449999809265137,0.0
252,2018-01-03,9.449999809265137,0.0
253,2018-01-04,9.43000030517578,-0.0021163496818009664
254,2018-01-05,9.449999809265137,0.0021208381168746904
255,2018-01-08,9.699999809265137,0.02645502698898361
256,2018-01-09,9.699999809265137,0.0
257,2018-01-10,9.699999809265137,0.0
258,2018-01-11,9.75,0.005154658940003776
259,2018-01-12,9.56999969482422,-0.01846156976161839
260,2018-01-16,9.199999809265137,-0.03866247621295038
261,2018-01-17,9.350000381469728,0.01630441036026209
262,2018-01-18,9.300000190734863,-0.005347613764161707
263,2018-01-19,9.149999618530272,-0.016129093454646415
264,2018-01-22,9.18000030517578,0.003278763704508858
265,2018-01-23,8.5,-0.07407410485513688
266,2018-01-24,8.850000381469727,0.04117651546702672
267,2018-01-25,9.0,0.016949108707875915
268,2018-01-26,9.050000190734863,0.005555576748318192
269,2018-01-29,8.949999809265137,-0.011049765675375856
270,2018-01-30,8.850000381469727,-0.011173120662180347
271,2018-01-31,8.899999618530273,0.005649631062755178
272,2018-02-01,9.0,0.011235998399541591
273,2018-02-02,9.199999809265137,0.02222220102945971
274,2018-02-05,9.199999809265137,0.0
275,2018-02-06,8.949999809265137,-0.027173913606849176
276,2018-02-07,9.800000190734863,0.09497211168538766
277,2018-02-08,10.100000381469728,0.030612263764902004
278,2018-02-09,10.399999618530272,0.029702893636612826
279,2018-02-12,10.25,-0.014423040772329365
280,2018-02-13,10.199999809265137,-0.004878067388767171
281,2018-02-14,10.1899995803833,-0.0009804146145916404
282,2018-02-15,9.949999809265137,-0.023552480961842814
283,2018-02-16,10.0,0.005025144893802347
284,2018-02-20,9.75,-0.025000000000000022
285,2018-02-21,10.0,0.02564102564102555
286,2018-02-22,10.020000457763672,0.002000045776367143
287,2018-02-23,10.25,0.02295404508271459
288,2018-02-26,10.149999618530272,-0.009756134777534453
289,2018-02-27,10.149999618530272,0.0
290,2018-02-28,10.149999618530272,0.0
291,2018-03-01,9.850000381469728,-0.029556576190687966
292,2018-03-02,9.800000190734863,-0.0050761612993364125
293,2018-03-05,9.850000381469728,0.005102060179767776
294,2018-03-06,10.199999809265137,0.03553293545590552
295,2018-03-07,10.0,-0.01960782480441492
296,2018-03-08,9.949999809265137,-0.00500001907348635
297,2018-03-09,10.0,0.005025144893802347
298,2018-03-12,10.050000190734863,0.005000019073486239
299,2018-03-13,10.0,-0.004975143262281545
300,2018-03-14,10.0,0.0
301,2018-03-15,10.050000190734863,0.005000019073486239
302,2018-03-16,10.350000381469728,0.029850764680724673
303,2018-03-19,10.399999618530272,0.004830843982388755
304,2018-03-20,10.25,-0.014423040772329365
305,2018-03-21,10.199999809265137,-0.004878067388767171
306,2018-03-22,10.149999618530272,-0.004901979575474891
307,2018-03-23,10.0,-0.014778288095343983
308,2018-03-26,9.949999809265137,-0.00500001907348635
309,2018-03-27,9.699999809265137,-0.02512562862234502
310,2018-03-28,10.050000190734863,0.03608251426308451
311,2018-03-29,10.149999618530272,0.009950191631598049
312,2018-04-02,10.199999809265137,0.004926127351136289
313,2018-04-03,9.899999618530272,-0.02941178395536448
314,2018-04-04,10.25,0.03535357524808558
315,2018-04-05,9.75,-0.04878048780487809
316,2018-04-06,9.899999618530272,0.01538457625951506
317,2018-04-09,9.949999809265137,0.005050524511261312
318,2018-04-10,9.949999809265137,0.0
319,2018-04-11,9.949999809265137,0.0
320,2018-04-12,10.649999618530272,0.0703517409732326
321,2018-04-13,11.5,0.07981224525029895
322,2018-04-16,11.449999809265137,-0.004347842672596802
323,2018-04-17,11.149999618530272,-0.026200890456968384
324,2018-04-18,10.899999618530272,-0.022421525430774247
325,2018-04-19,11.0,0.009174347244905068
326,2018-04-20,10.949999809265137,-0.004545471884987551
327,2018-04-23,10.949999809265137,0.0
328,2018-04-24,10.949999809265137,0.0
329,2018-04-25,11.0,0.004566227543908896
330,2018-04-26,10.949999809265137,-0.004545471884987551
331,2018-04-27,11.050000190734863,0.009132455087817792
332,2018-04-30,11.0,-0.004524904060796975
333,2018-05-01,11.0,0.0
334,2018-05-02,9.93000030517578,-0.0972726995294746
335,2018-05-03,9.800000190734863,-0.013091652612856053
336,2018-05-04,10.399999618530272,0.06122443021609958
337,2018-05-07,10.100000381469728,-0.02884608154465862
338,2018-05-08,11.699999809265137,0.15841577894698844
339,2018-05-09,11.25,-0.0384615227864179
340,2018-05-10,12.100000381469728,0.07555558946397589
341,2018-05-11,11.899999618530272,-0.016528988151582436
342,2018-05-14,11.699999809265137,-0.016806707199696236
343,2018-05-15,11.510000228881836,-0.016239280639375853
344,2018-05-16,12.0,0.04257165607074587
345,2018-05-17,12.149999618530272,0.012499968210855972
346,2018-05-18,12.350000381469728,0.01646096865998503
347,2018-05-21,12.399999618530272,0.004048521094425439
348,2018-05-22,12.600000381469728,0.016129094281630563
349,2018-05-23,12.600000381469728,0.0
350,2018-05-24,12.649999618530272,0.003968193297364975
351,2018-05-25,12.75,0.007905168734016588
352,2018-05-29,12.25,-0.039215686274509776
353,2018-05-30,12.300000190734863,0.004081648223254186
354,2018-05-31,12.199999809265137,-0.008130112188539096
355,2018-06-01,12.199999809265137,0.0
356,2018-06-04,12.0,-0.01639342724524051
357,2018-06-05,12.949999809265137,0.07916665077209473
358,2018-06-06,12.5,-0.03474902053227691
359,2018-06-07,12.5,0.0
360,2018-06-08,13.100000381469728,0.048000030517578285
361,2018-06-11,12.899999618530272,-0.015267233367593058
362,2018-06-12,12.75,-0.011627877749298854
363,2018-06-13,12.949999809265137,0.01568625955020675
364,2018-06-14,13.050000190734863,0.007722037292863915
365,2018-06-15,13.100000381469728,0.003831432184220551
366,2018-06-18,13.050000190734863,-0.003816808341898348
367,2018-06-19,12.949999809265137,-0.007662864368440658
368,2018-06-20,12.600000381469728,-0.027026983239412883
369,2018-06-21,13.199999809265137,0.04761900076430159
370,2018-06-22,13.449999809265137,0.0189393942130609
371,2018-06-25,12.899999618530272,-0.04089220806947469
372,2018-06-26,12.800000190734863,-0.007751893856784542
373,2018-06-27,12.75,-0.003906264842953311
374,2018-06-28,12.649999618530272,-0.007843167174096388
375,2018-06-29,12.399999618530272,-0.01976284644576498
376,2018-07-02,12.800000190734863,0.03225811165403902
377,2018-07-03,13.210000038146973,0.0320312376017684
378,2018-07-05,13.25,0.0030280061875487263
379,2018-07-06,13.050000190734863,-0.015094325227557492
380,2018-07-09,13.300000190734863,0.019157087842611054
381,2018-07-10,13.149999618530272,-0.011278238349882619
382,2018-07-11,13.25,0.00760459196734975
383,2018-07-12,13.0,-0.018867924528301883
384,2018-07-13,13.0,0.0
385,2018-07-16,12.949999809265137,-0.0038461685180664062
386,2018-07-17,13.350000381469728,0.03088807552865047
387,2018-07-18,13.5,0.011235926160607201
388,2018-07-19,13.199999809265137,-0.022222236350730618
389,2018-07-20,13.5,0.022727287505283966
390,2018-07-23,15.199999809265137,0.12592591179741763
391,2018-07-24,15.899999618530272,0.04605261960848517
392,2018-07-25,17.5,0.10062895722368737
393,2018-07-26,17.0,-0.02857142857142858
394,2018-07-27,16.950000762939453,-0.002941131591796875
395,2018-07-30,16.850000381469727,-0.0058997272547841595
396,2018-07-31,16.3799991607666,-0.027893246887993772
397,2018-08-01,17.049999237060547,0.04090354765699433
398,2018-08-02,17.0,-0.0029325067036874986
399,2018-08-03,17.299999237060547,0.017647013944738
400,2018-08-06,18.0,0.04046247363062827
401,2018-08-07,17.600000381469727,-0.0222222010294596
402,2018-08-08,17.399999618530273,-0.011363679466167786
403,2018-08-09,17.200000762939453,-0.011494187354914032
404,2018-08-10,17.350000381469727,0.008720907667252753
405,2018-08-13,17.270000457763672,-0.004610946509920333
406,2018-08-14,17.75,0.027793834945762708
407,2018-08-15,17.450000762939453,-0.01690136546819987
408,2018-08-16,17.5,0.002865285666160844
409,2018-08-17,17.25,-0.014285714285714235
410,2018-08-20,17.149999618530273,-0.005797123563462403
411,2018-08-21,17.200000762939453,0.0029155186892921847
412,2018-08-22,17.5,0.017441815334505728
413,2018-08-23,17.5,0.0
414,2018-08-24,18.600000381469727,0.06285716465541302
415,2018-08-27,19.5,0.048387075272691815
416,2018-08-28,20.450000762939453,0.048717987843048816
417,2018-08-29,20.5,0.002444950376293331
418,2018-08-30,20.0,-0.024390243902439046
419,2018-08-31,19.700000762939453,-0.014999961853027322
420,2018-09-04,19.299999237060547,-0.02030464519734476
421,2018-09-05,18.149999618530277,-0.05958547481815435
422,2018-09-06,15.75,-0.1322313867202506
423,2018-09-07,16.75,0.06349206349206349
424,2018-09-10,15.850000381469728,-0.053731320509269986
425,2018-09-11,18.149999618530277,0.14511035846721376
426,2018-09-12,18.149999618530277,0.0
427,2018-09-13,17.950000762939453,-0.01101922092530705
428,2018-09-14,18.350000381469727,0.022284100363724413
429,2018-09-17,17.649999618530273,-0.03814717974863535
430,2018-09-18,17.649999618530273,0.0
431,2018-09-19,16.850000381469727,-0.04532573679042173
432,2018-09-20,16.950000762939453,0.005934740605685551
433,2018-09-21,17.649999618530273,0.041297865727613514
434,2018-09-24,17.450000762939453,-0.011331380165065075
435,2018-09-25,17.5,0.002865285666160844
436,2018-09-26,18.0,0.02857142857142847
437,2018-09-27,18.100000381469727,0.005555576748318192
438,2018-09-28,18.5,0.022099425972376352
439,2018-10-01,18.979999542236328,0.025945921201963706
440,2018-10-02,18.15999984741211,-0.04320335693367472
441,2018-10-03,17.969999313354492,-0.010462584562449417
442,2018-10-04,18.190000534057617,0.012242694997747217
443,2018-10-05,19.57999992370605,0.07641557717636682
444,2018-10-08,19.75,0.008682332837403495
445,2018-10-09,18.76000022888184,-0.050126570689527084
446,2018-10-10,17.989999771118164,-0.04104480001968369
447,2018-10-11,17.420000076293945,-0.031684252477830355
448,2018-10-12,18.43000030517578,0.05797934698383256
449,2018-10-15,17.43000030517578,-0.054259358841093785
450,2018-10-16,17.829999923706055,0.022948916323971336
451,2018-10-17,17.8799991607666,0.0028042197013176118
452,2018-10-18,17.600000381469727,-0.015659887720311794
453,2018-10-19,17.65999984741211,0.003409060491018634
454,2018-10-22,16.979999542236328,-0.038505113876058594
455,2018-10-23,16.790000915527344,-0.01118955428923174
456,2018-10-24,16.309999465942383,-0.02858853028060626
457,2018-10-25,16.350000381469727,0.0024525393523691097
458,2018-10-26,17.56999969482422,0.07461769326544965
459,2018-10-29,16.350000381469727,-0.0694365016815498
460,2018-10-30,16.760000228881836,0.025076442681725153
461,2018-10-31,16.600000381469727,-0.009546530144813992
462,2018-11-01,16.790000915527344,0.011445815041649654
463,2018-11-02,16.440000534057617,-0.020845763096179915
464,2018-11-05,15.859999656677246,-0.035279857575358564
465,2018-11-06,16.350000381469727,0.03089538054221741
466,2018-11-07,16.3700008392334,0.001223269559451401
467,2018-11-08,16.200000762939453,-0.010384854464180138
468,2018-11-09,16.440000534057617,0.014814799988603022
469,2018-11-12,15.789999961853027,-0.03953774641661523
470,2018-11-13,15.31999969482422,-0.02976569146068886
471,2018-11-14,14.520000457763672,-0.05221927238881241
472,2018-11-15,15.06999969482422,0.03787873414056753
473,2018-11-16,16.540000915527344,0.09754487395298317
474,2018-11-19,16.200000762939453,-0.02055623541524154
475,2018-11-20,16.5,0.018518470551362576
476,2018-11-21,16.190000534057617,-0.018787846420750487
477,2018-11-23,16.25,0.003705958243557017
478,2018-11-26,16.540000915527344,0.017846210186298173
479,2018-11-27,16.639999389648438,0.006045856625510604
480,2018-11-28,16.59000015258789,-0.0030047619527949765
481,2018-11-29,16.209999084472656,-0.022905428849918197
482,2018-11-30,16.049999237060547,-0.009870441483576076
483,2018-12-03,16.540000915527344,0.0305297010441814
484,2018-12-04,16.1299991607666,-0.024788496497351598
485,2018-12-06,16.5,0.022938676905412514
486,2018-12-07,16.5,0.0
487,2018-12-10,16.5,0.0
488,2018-12-11,16.3799991607666,-0.007272778135357427
489,2018-12-12,16.309999465942383,-0.00427348586145726
490,2018-12-13,16.5,0.011649328036727802
491,2018-12-14,16.270000457763672,-0.013939366196141112
492,2018-12-17,15.9399995803833,-0.020282782304588243
493,2018-12-18,15.760000228881836,-0.01129230591216468
494,2018-12-19,15.81999969482422,0.0038070726567902557
495,2018-12-20,15.869999885559082,0.0031605683754356573
496,2018-12-21,15.850000381469728,-0.0012602082062742603
497,2018-12-24,15.539999961853027,-0.0195583856249697
498,2018-12-26,15.5,-0.0025740001255609712
499,2018-12-27,14.869999885559082,-0.04064516867360757
500,2018-12-28,16.25,0.09280431237804487
501,2018-12-31,16.010000228881836,-0.01476921668419473
502,2019-01-02,16.5,0.030605856596692016
503,2019-01-03,16.489999771118164,-0.0006060744776870131
504,2019-01-04,16.3799991607666,-0.00667074662694811
505,2019-01-07,16.850000381469727,0.02869360468765292
506,2019-01-08,17.1299991607666,0.016617137861005382
507,2019-01-09,16.670000076293945,-0.02685342130816959
508,2019-01-10,16.530000686645508,-0.008398283683725194
509,2019-01-11,17.25,0.04355712543534107
510,2019-01-14,17.40999984741211,0.00927535347316577
511,2019-01-15,17.280000686645508,-0.007466924865362712
512,2019-01-16,17.719999313354492,0.025462882478299198
513,2019-01-17,17.719999313354492,0.0
514,2019-01-18,17.760000228881836,0.0022573880969170013
515,2019-01-22,18.010000228881836,0.014076576395164908
516,2019-01-23,18.5,0.027207094108326224
517,2019-01-24,18.46999931335449,-0.001621658737595233
518,2019-01-25,18.81999969482422,0.01894966943591969
519,2019-01-28,18.90999984741211,0.004782154837794206
520,2019-01-29,19.600000381469727,0.03648865889081665
521,2019-01-30,19.649999618530277,0.002550981433032007
522,2019-01-31,19.450000762939453,-0.010178059006282214
523,2019-02-01,19.75,0.015424124693721009
524,2019-02-04,19.899999618530277,0.007594917393938028
525,2019-02-05,19.670000076293945,-0.011557766163078909
526,2019-02-06,19.46999931335449,-0.010167806922405376
527,2019-02-07,20.36000061035156,0.04571141902334941
528,2019-02-08,19.940000534057617,-0.02062868682235708
529,2019-02-11,18.96999931335449,-0.04864599772935618
530,2019-02-12,17.479999542236328,-0.0785450619425817
531,2019-02-13,18.350000381469727,0.04977121636252013
532,2019-02-14,18.200000762939453,-0.008174365962506869
533,2019-02-15,18.530000686645508,0.01813186317980997
534,2019-02-19,19.450000762939453,0.04964921976268388
535,2019-02-20,18.71999931335449,-0.037532206732656226
536,2019-02-21,19.399999618530277,0.0363248039592976
537,2019-02-22,20.3799991607666,0.05051544131476482
538,2019-02-25,20.799999237060547,0.020608444238922496
539,2019-02-26,21.200000762939453,0.019230843295715117
540,2019-02-27,20.11000061035156,-0.051415099686853094
541,2019-02-28,19.700000762939453,-0.020387858526521363
542,2019-03-01,19.84000015258789,0.00710656772723639
543,2019-03-04,19.229999542236328,-0.030745998269158026
544,2019-03-05,19.3799991607666,0.007800292360944594
545,2019-03-06,19.229999542236328,-0.007739918731985096
546,2019-03-07,19.31999969482422,0.00468019525378649
547,2019-03-08,19.489999771118164,0.008799175930602532
548,2019-03-11,19.350000381469727,-0.00718313962506556
549,2019-03-12,18.950000762939453,-0.020671814503597008
550,2019-03-13,19.25,0.01583109366661639
551,2019-03-14,19.13999938964844,-0.00571431742086026
552,2019-03-15,20.0,0.044932112736465246
553,2019-03-18,20.0,0.0
554,2019-03-19,20.290000915527344,0.014500045776367099
555,2019-03-20,20.649999618530277,0.01774266568551197
556,2019-03-21,20.479999542236328,-0.00823244936728229
557,2019-03-22,19.71999931335449,-0.03710938700533051
558,2019-03-25,20.209999084472656,0.024847859441168296
559,2019-03-26,20.100000381469727,-0.005442786144777334
560,2019-03-27,20.209999084472656,0.005472572184841207
561,2019-03-28,19.690000534057617,-0.02572976615395073
562,2019-03-29,19.229999542236328,-0.02336216248575662
563,2019-04-01,19.440000534057617,0.010920488654201366
564,2019-04-02,19.75,0.015946474147430445
565,2019-04-03,19.90999984741211,0.008101258096815611
566,2019-04-04,19.59000015258789,-0.016072310260002998
567,2019-04-05,19.540000915527344,-0.002552283648346032
568,2019-04-08,19.40999984741211,-0.006653073798575382
569,2019-04-09,19.450000762939453,0.002060840589479751
570,2019-04-10,19.21999931335449,-0.011825266866992368
571,2019-04-11,19.149999618530277,-0.0036420237942242917
572,2019-04-12,18.989999771118164,-0.008355083582210154
573,2019-04-15,18.670000076293945,-0.016850958329704957
574,2019-04-16,17.690000534057617,-0.05249060194063271
575,2019-04-17,16.969999313354492,-0.040701028771420567
576,2019-04-18,17.290000915527344,0.01885690130352735
577,2019-04-22,16.90999984741211,-0.021978082590728643
578,2019-04-23,17.09000015258789,0.010644607143703189
579,2019-04-24,16.450000762939453,-0.03744876441978995
580,2019-04-25,17.270000457763672,0.049848003452474865
581,2019-04-26,17.200000762939453,-0.004053253790896716
582,2019-04-29,17.059999465942383,-0.008139609929479152
583,2019-04-30,17.34000015258789,0.016412701958431253
584,2019-05-01,16.959999084472656,-0.021914709617722905
585,2019-05-02,16.649999618530273,-0.018278271384235878
586,2019-05-03,17.299999237060547,0.03903901702237089
587,2019-05-06,17.079999923706055,-0.012716723876103009
588,2019-05-07,17.149999618530273,0.0040983428066099226
589,2019-05-08,17.56999969482422,0.024489800911723814
590,2019-05-09,18.170000076293945,0.034149140119021926
591,2019-05-10,18.700000762939453,0.02916899749147439
592,2019-05-13,18.709999084472656,0.0005346695788921441
593,2019-05-14,18.989999771118164,0.014965296651344051
594,2019-05-15,19.40999984741211,0.022116907917646422
595,2019-05-16,20.0,0.03039671083081208
596,2019-05-17,19.420000076293945,-0.02899999618530269
597,2019-05-20,20.0,0.02986611335877698
598,2019-05-21,21.049999237060547,0.0524999618530273
599,2019-05-22,21.049999237060547,0.0
600,2019-05-23,20.670000076293945,-0.018052217317783836
601,2019-05-24,21.6200008392334,0.04596036572002693
602,2019-05-28,21.59000015258789,-0.0013876357761775093
603,2019-05-29,21.6200008392334,0.0013895639848762187
604,2019-05-30,21.950000762939453,0.015263640652002586
605,2019-05-31,22.3799991607666,0.01958990354812018
606,2019-06-03,22.86000061035156,0.021447786755346643
607,2019-06-04,24.989999771118164,0.09317581381874906
608,2019-06-05,25.31999969482422,0.01320527918081238
609,2019-06-06,24.40999984741211,-0.03593996281122103
610,2019-06-07,25.5,0.044653836927551316
611,2019-06-10,24.51000022888184,-0.03882352043600634
612,2019-06-11,23.959999084472656,-0.02243986696340694
613,2019-06-12,24.600000381469727,0.026711240461266383
614,2019-06-13,25.57999992370605,0.03983737914795005
615,2019-06-14,25.1299991607666,-0.01759189852547327
616,2019-06-17,24.3799991607666,-0.029844808000269007
617,2019-06-18,23.21999931335449,-0.04757997897222399
618,2019-06-19,23.780000686645508,0.024117200251980497
619,2019-06-20,24.26000022888184,0.02018500960371683
620,2019-06-21,25.34000015258789,0.04451772108477958
621,2019-06-24,24.75,-0.02328335236918444
622,2019-06-25,24.8799991607666,0.0052524913441052146
623,2019-06-26,23.88999938964844,-0.03979098892733468
624,2019-06-27,24.100000381469727,0.008790330564524051
625,2019-06-28,25.420000076293945,0.05477177070250816
626,2019-07-01,26.959999084472656,0.0605821795262258
627,2019-07-02,25.40999984741211,-0.057492555255806876
628,2019-07-03,25.63999938964844,0.00905153654535562
629,2019-07-05,25.93000030517578,0.011310488394333573
630,2019-07-08,26.209999084472656,0.010798255919842292
631,2019-07-09,26.40999984741211,0.007630704690025691
632,2019-07-10,26.13999938964844,-0.010223417619221409
633,2019-07-11,25.850000381469727,-0.01109407096212689
634,2019-07-12,23.809999465942383,-0.07891686210533655
635,2019-07-15,23.270000457763672,-0.022679505262111488
636,2019-07-16,22.88999938964844,-0.016330084256119926
637,2019-07-17,22.56999969482422,-0.01397989092865315
638,2019-07-18,22.600000381469727,0.0013292284914114827
639,2019-07-19,21.71999931335449,-0.0389380997018377
640,2019-07-22,22.670000076293945,0.04373852637994102
641,2019-07-23,23.43000030517578,0.033524491677288104
642,2019-07-24,24.26000022888184,0.03542466550982959
643,2019-07-25,23.530000686645508,-0.030090665100953262
644,2019-07-26,23.739999771118164,0.008924737711199615
645,2019-07-29,23.780000686645508,0.0016849585473042161
646,2019-07-30,24.209999084472656,0.018082354306601323
647,2019-07-31,23.729999542236328,-0.019826499809501463
648,2019-08-01,25.01000022888184,0.05394019011114071
649,2019-08-02,24.68000030517578,-0.013194718939865124
650,2019-08-05,22.649999618530277,-0.08225286310955926
651,2019-08-06,22.13999938964844,-0.022516566775771518
652,2019-08-07,22.209999084472656,0.0031616845868995824
653,2019-08-08,22.790000915527344,0.026114446418873394
654,2019-08-09,22.13999938964844,-0.0285213470718223
655,2019-08-12,21.799999237060547,-0.015356827550178753
656,2019-08-13,21.88999938964844,0.004128447510901356
657,2019-08-14,21.229999542236328,-0.030150747638861053
658,2019-08-15,20.51000022888184,-0.03391424064433335
659,2019-08-16,20.81999969482422,0.015114552046949337
660,2019-08-19,20.770000457763672,-0.0024015003743240726
661,2019-08-20,20.350000381469727,-0.020221476506369185
662,2019-08-21,21.229999542236328,0.04324320119266001
663,2019-08-22,20.8799991607666,-0.016486122892909738
664,2019-08-23,20.01000022888184,-0.04166661718643572
665,2019-08-26,20.540000915527344,0.026486790633841073
666,2019-08-27,20.149999618530277,-0.018987404070768266
667,2019-08-28,20.209999084472656,0.0029776410460673475
668,2019-08-29,20.100000381469727,-0.005442786144777334
669,2019-08-30,19.57999992370605,-0.025870669049492423
670,2019-09-03,20.170000076293945,0.030132796470216716
671,2019-09-04,19.729999542236328,-0.02181460249842815
672,2019-09-05,19.729999542236328,0.0
673,2019-09-06,18.809999465942383,-0.04662950317482195
674,2019-09-09,17.6200008392334,-0.06326414994660745
675,2019-09-10,17.510000228881836,-0.00624294013123039
676,2019-09-11,18.26000022888184,0.042832666487514715
677,2019-09-12,19.13999938964844,0.04819272452005263
678,2019-09-13,19.209999084472656,0.0036572464501787305
679,2019-09-16,18.51000022888184,-0.03643929666590262
680,2019-09-17,18.229999542236328,-0.015126995309736158
681,2019-09-18,17.940000534057617,-0.01590779020629285
682,2019-09-19,18.3700008392334,0.02396880113573352
683,2019-09-20,19.07999992370605,0.038649921177808855
684,2019-09-23,19.729999542236328,0.034067066096928
685,2019-09-24,19.100000381469727,-0.03193102764234501
686,2019-09-25,19.479999542236328,0.019895243621841363
687,2019-09-26,19.049999237060547,-0.022073938156079498
688,2019-09-27,19.6200008392334,0.029921345144410916
689,2019-09-30,20.100000381469727,0.024464807426332502
690,2019-10-01,19.90999984741211,-0.009452762709038498
691,2019-10-02,18.65999984741211,-0.06278252182721511
692,2019-10-03,18.799999237060547,0.007502646880667152
693,2019-10-04,18.440000534057617,-0.01914886795810411
694,2019-10-07,17.729999542236328,-0.0385033064673701
695,2019-10-08,16.649999618530273,-0.060913702853363505
696,2019-10-09,16.670000076293945,0.0012012287220362072
697,2019-10-10,16.34000015258789,-0.0197960361245193
698,2019-10-11,17.040000915527344,0.04283970357421252
699,2019-10-14,16.770000457763672,-0.0158450964352731
700,2019-10-15,17.239999771118164,0.028026195618671368
701,2019-10-16,17.219999313354492,-0.00116011937524374
702,2019-10-17,18.13999938964844,0.05342625510910848
703,2019-10-18,18.190000534057617,0.002756402761386445
704,2019-10-21,18.1200008392334,-0.003848251389171553
705,2019-10-22,17.8799991607666,-0.013245125129748625
706,2019-10-23,17.989999771118164,0.006152159704399418
707,2019-10-24,17.889999389648438,-0.005558664966203719
708,2019-10-25,17.90999984741211,0.001117968610733655
709,2019-10-28,18.049999237060547,0.007816828076001814
710,2019-10-29,17.959999084472656,-0.004986158248865835
711,2019-10-30,17.68000030517578,-0.015590133272275541
712,2019-10-31,17.350000381469727,-0.018665153733591677
713,2019-11-01,17.700000762939453,0.020172932206015126
714,2019-11-04,17.489999771118164,-0.011864462303357248
715,2019-11-05,17.09000015258789,-0.022870190038012828
716,2019-11-06,16.709999084472656,-0.0222352875788413
717,2019-11-07,16.75,0.0023938311022717595
718,2019-11-08,19.6200008392334,0.17134333368557608
719,2019-11-11,18.88999938964844,-0.03720700399386323
720,2019-11-12,18.239999771118164,-0.0344097215210325
721,2019-11-13,17.920000076293945,-0.017543843138140613
722,2019-11-14,17.299999237060547,-0.03459826097063401
723,2019-11-15,16.90999984741211,-0.022543318314891536
724,2019-11-18,19.030000686645508,0.12536965454543414
725,2019-11-19,19.200000762939453,0.008933266955331476
726,2019-11-20,21.61000061035156,0.12552082039829782
727,2019-11-21,20.799999237060547,-0.03748270941292842
728,2019-11-22,21.40999984741211,0.029326953496454422
729,2019-11-25,20.809999465942383,-0.028024305733110544
730,2019-11-26,20.51000022888184,-0.014416109791426046
731,2019-11-27,20.489999771118164,-0.0009751563891018389
732,2019-11-29,20.56999969482422,0.0039043399023761527
733,2019-12-02,20.040000915527344,-0.025765619210496693
734,2019-12-03,19.899999618530277,-0.006986092345364625
735,2019-12-04,19.1200008392334,-0.03919591930899169
736,2019-12-05,18.15999984741211,-0.050209254690586014
737,2019-12-06,18.229999542236328,0.003854608778214974
738,2019-12-09,18.15999984741211,-0.003839807821280461
739,2019-12-10,17.65999984741211,-0.027533039878921195
740,2019-12-11,17.209999084472656,-0.025481357125005655
741,2019-12-12,17.219999313354492,0.0005810708549576216
742,2019-12-13,17.0,-0.012775802678684056
743,2019-12-16,16.93000030517578,-0.004117629107306953
744,2019-12-17,18.059999465942383,0.06674537155330951
745,2019-12-18,18.71999931335449,0.03654484313007522
746,2019-12-19,18.959999084472656,0.01282050106417243
747,2019-12-20,18.07999992370605,-0.0464134600875209
748,2019-12-23,18.809999465942383,0.04037608104628232
749,2019-12-24,18.25,-0.029771370645508277
750,2019-12-26,18.38999938964844,0.007671199432791376
751,2019-12-27,18.040000915527344,-0.019032000311979824
752,2019-12-30,18.030000686645508,-0.0005543363843861782
753,2019-12-31,18.61000061035156,0.03216860241916941
754,2020-01-02,18.459999084472656,-0.00806026442554042
755,2020-01-03,18.899999618530277,0.02383534972261847
756,2020-01-06,18.76000022888184,-0.007407375263181359
757,2020-01-07,18.790000915527344,0.001599183703597129
758,2020-01-08,18.309999465942383,-0.025545578829019977
759,2020-01-09,17.719999313354492,-0.032222838328604175
760,2020-01-10,17.559999465942383,-0.009029337111290281
761,2020-01-13,18.51000022888184,0.05410027288337815
762,2020-01-14,18.75,0.012965951817962784
763,2020-01-15,18.979999542236328,0.012266642252604099
764,2020-01-16,19.3799991607666,0.021074796005139618
765,2020-01-17,19.530000686645508,0.0077400171503914095
766,2020-01-21,19.899999618530277,0.018945157136516233
767,2020-01-22,20.09000015258789,0.009547765713557643
768,2020-01-23,19.209999084472656,-0.04380293984228156
769,2020-01-24,19.290000915527344,0.0041645931737368524
770,2020-01-27,18.229999542236328,-0.05495082026863851
771,2020-01-28,18.399999618530277,0.009325292406074048
772,2020-01-29,18.13999938964844,-0.014130447514792088
773,2020-01-30,17.579999923706055,-0.03087097490543189
774,2020-01-31,16.690000534057617,-0.050625676536454445
775,2020-02-03,16.84000015258789,0.008987394471569043
776,2020-02-04,17.260000228881836,0.02494062188172852
777,2020-02-05,17.93000030517578,0.03881808038291967
778,2020-02-06,17.299999237060547,-0.03513670147196679
779,2020-02-07,17.34000015258789,0.0023121917509483225
780,2020-02-10,17.280000686645508,-0.0034601767828374985
781,2020-02-11,17.780000686645508,0.028935184035404182
782,2020-02-12,17.520000457763672,-0.014623184411748702
783,2020-02-13,17.399999618530273,-0.00684936279098225
784,2020-02-14,17.15999984741211,-0.01379309059654088
785,2020-02-18,16.8799991607666,-0.01631705647641568
786,2020-02-19,17.209999084472656,0.019549759485359308
787,2020-02-20,17.139999389648438,-0.00406738515677052
788,2020-02-21,16.700000762939453,-0.025670865949663835
789,2020-02-24,16.200000762939453,-0.02994011839266486
790,2020-02-25,14.739999771118164,-0.0901235137692904
791,2020-02-26,14.550000190734863,-0.012890066711913395
792,2020-02-27,14.390000343322754,-0.010996552942589943
793,2020-02-28,13.850000381469728,-0.037526056217475734
794,2020-03-02,13.859999656677246,0.0007219693091775614
795,2020-03-03,13.880000114440918,0.0014430345064284644
796,2020-03-04,14.720000267028809,0.06051874248285816
797,2020-03-05,13.699999809265137,-0.06929350810192314
798,2020-03-06,13.550000190734863,-0.010948877417416458
799,2020-03-09,12.25,-0.09594097213546682
800,2020-03-10,12.460000038146973,0.01714286025689571
801,2020-03-11,10.68000030517578,-0.14285712098889458
802,2020-03-12,9.609999656677246,-0.10018732377563566
803,2020-03-13,11.350000381469728,0.181061476270032
804,2020-03-16,9.289999961853027,-0.18149782822738092
805,2020-03-17,9.600000381469728,0.033369259514492766
806,2020-03-18,8.779999732971191,-0.08541673082444168
807,2020-03-19,8.829999923706055,0.005694782717031277
808,2020-03-20,8.09000015258789,-0.08380518431619388
809,2020-03-23,7.010000228881836,-0.13349813391048904
810,2020-03-24,8.140000343322754,0.1611982992219052
811,2020-03-25,9.350000381469728,0.14864864706541914
812,2020-03-26,10.220000267028809,0.09304811230631471
813,2020-03-27,9.40999984741211,-0.07925639906584714
814,2020-03-30,9.640000343322754,0.024442135987270852
815,2020-03-31,9.420000076293944,-0.022821603650792
816,2020-04-01,9.18000030517578,-0.025477682502587196
817,2020-04-02,9.220000267028809,0.004357294174650139
818,2020-04-03,9.130000114440918,-0.009761404553287889
819,2020-04-06,10.079999923706056,0.10405255173683114
820,2020-04-07,9.75,-0.032738087917041137
821,2020-04-08,10.0,0.02564102564102555
822,2020-04-09,11.260000228881836,0.12600002288818368
823,2020-04-13,10.729999542236328,-0.04706933178261041
824,2020-04-14,11.470000267028809,0.06896558773181938
825,2020-04-15,10.770000457763672,-0.06102875265638197
826,2020-04-16,11.050000190734863,0.025998117091011963
827,2020-04-17,11.420000076293944,0.03348415196131094
828,2020-04-20,11.3100004196167,-0.00963219404048743
829,2020-04-21,11.239999771118164,-0.006189270194643104
830,2020-04-22,11.470000267028809,0.020462677988805966
831,2020-04-23,11.5600004196167,0.007846569354196253
832,2020-04-24,10.90999984741211,-0.05622842116005233
833,2020-04-27,11.899999618530272,0.0907424184201977
834,2020-04-28,12.199999809265137,0.025210100869895502
835,2020-04-29,12.760000228881836,0.04590167445670068
836,2020-04-30,12.59000015258789,-0.013322889752709899
837,2020-05-01,11.729999542236328,-0.06830822874730369
838,2020-05-04,11.1899995803833,-0.04603580417106101
839,2020-05-05,11.369999885559082,0.016085818760112502
840,2020-05-06,10.9399995803833,-0.037818848681073436
841,2020-05-07,11.170000076293944,0.021023812132777486
842,2020-05-08,11.5600004196167,0.034914981258635125
843,2020-05-11,12.079999923706056,0.04498265443026672
844,2020-05-12,10.739999771118164,-0.11092716564991423
845,2020-05-13,10.09000015258789,-0.06052138104120286
846,2020-05-14,9.81999969482422,-0.026759212455950254
847,2020-05-15,10.899999618530272,0.10997962904981362
848,2020-05-18,11.859999656677246,0.08807340107745976
849,2020-05-19,11.550000190734863,-0.02613823565904161
850,2020-05-20,12.270000457763672,0.06233768442760512
851,2020-05-21,12.029999732971191,-0.019559960541046584
852,2020-05-22,13.210000038146973,0.09808814059585536
853,2020-05-26,13.460000038146973,0.018925056720519695
854,2020-05-27,13.899999618530272,0.03268941895514832
855,2020-05-28,13.579999923706056,-0.02302156141052114
856,2020-05-29,13.93000030517578,0.025773224111639514
857,2020-06-01,13.3100004196167,-0.044508246373025195
858,2020-06-02,13.18000030517578,-0.009767100701914444
859,2020-06-03,13.960000038146973,0.05918055500081354
860,2020-06-04,13.850000381469728,-0.007879631545606003
861,2020-06-05,15.15999984741211,0.09458479637986605
862,2020-06-08,15.84000015258789,0.04485490184829133
863,2020-06-09,15.56999969482422,-0.017045483280475726
864,2020-06-10,14.829999923706056,-0.047527282313573505
865,2020-06-11,12.979999542236328,-0.1247471605520688
866,2020-06-12,13.460000038146973,0.03698000869327811
867,2020-06-15,13.779999732971191,0.023774122876471626
868,2020-06-16,14.479999542236328,0.05079824548836953
869,2020-06-17,13.880000114440918,-0.04143642588145724
870,2020-06-18,13.81999969482422,-0.00432279676671421
871,2020-06-19,13.4399995803833,-0.027496390942992166
872,2020-06-22,13.279999732971191,-0.011904750923180218
873,2020-06-23,13.609999656677246,0.024849392344996835
874,2020-06-24,13.1899995803833,-0.03085966839741161
875,2020-06-25,12.65999984741211,-0.04018193706081907
876,2020-06-26,12.149999618530272,-0.0402843787542454
877,2020-06-29,12.8100004196167,0.054321055292861464
878,2020-06-30,13.56999969482422,0.05932859096895027
879,2020-07-01,13.0600004196167,-0.03758285089733948
880,2020-07-02,13.329999923706056,0.02067377453401953
881,2020-07-06,13.31999969482422,-0.0007502047216108032
882,2020-07-07,12.5,-0.0615615400609093
883,2020-07-08,11.710000038146973,-0.06319999694824219
884,2020-07-09,10.949999809265137,-0.06490181267344397
885,2020-07-10,14.039999961853027,0.2821917996723018
886,2020-07-13,14.149999618530272,0.00783473340285723
887,2020-07-14,13.5600004196167,-0.041696057584406754
888,2020-07-15,14.4399995803833,0.06489669126363329
889,2020-07-16,14.039999961853027,-0.027700805412326446
890,2020-07-17,13.890000343322754,-0.01068373354258012
891,2020-07-20,13.619999885559082,-0.019438477400288035
892,2020-07-21,13.8100004196167,0.013950112749932408
893,2020-07-22,13.90999984741211,0.007241087962123638
894,2020-07-23,13.579999923706056,-0.023723934387206214
895,2020-07-24,13.170000076293944,-0.030191446959907053
896,2020-07-27,12.359999656677246,-0.06150344836175825
897,2020-07-28,12.039999961853027,-0.025889943666086213
898,2020-07-29,12.300000190734863,0.021594703463921006
899,2020-07-30,12.600000381469728,0.024390259031121353
900,2020-07-31,12.43000030517578,-0.0134920691386613
901,2020-08-03,12.979999542236328,0.04424772514539144
902,2020-08-04,13.199999809265137,0.016949173712444088
903,2020-08-05,13.670000076293944,0.035606081350009644
904,2020-08-06,14.039999961853027,0.02706656060673507
905,2020-08-07,14.369999885559082,0.023504268134093342
906,2020-08-10,13.43000030517578,-0.06541402838339205
907,2020-08-11,14.0,0.04244226968517251
908,2020-08-12,14.270000457763672,0.019285746983119356
909,2020-08-13,14.199999809265137,-0.004905441223055473
910,2020-08-14,14.130000114440918,-0.004929556039750538
911,2020-08-17,14.199999809265137,0.004953976946729055
912,2020-08-18,14.050000190734863,-0.010563353559512212
913,2020-08-19,14.529999732971191,0.03416366802278481
914,2020-08-20,14.300000190734863,-0.01582928743724732
915,2020-08-21,13.43000030517578,-0.06083915202482071
916,2020-08-24,13.170000076293944,-0.019359659193874723
917,2020-08-25,12.859999656677246,-0.023538376448053344
918,2020-08-26,13.25,0.03032662159677857
919,2020-08-27,13.550000190734863,0.022641523829046273
920,2020-08-28,13.770000457763672,0.016236181840000308
921,2020-08-31,13.1899995803833,-0.0421206142410373
922,2020-09-01,12.779999732971191,-0.03108414408305804
923,2020-09-02,13.079999923706056,0.023474193818712852
924,2020-09-03,12.880000114440918,-0.015290505384687458
925,2020-09-04,12.15999984741211,-0.05590064135337636
926,2020-09-08,11.829999923706056,-0.027138151961102475
927,2020-09-09,11.800000190734863,-0.00253590305703022
928,2020-09-10,11.84000015258789,0.0033898272208872093
929,2020-09-11,11.5,-0.028716228733626892
930,2020-09-14,11.390000343322754,-0.009565187537151854
931,2020-09-15,12.239999771118164,0.07462681318475206
932,2020-09-16,12.829999923706056,0.04820262774678086
933,2020-09-17,12.369999885559082,-0.03585347161982677
934,2020-09-18,13.270000457763672,0.07275671629191072
935,2020-09-21,12.460000038146973,-0.06103996922945132
936,2020-09-22,11.829999923706056,-0.05056180678267552
937,2020-09-23,11.369999885559082,-0.038884196205714594
938,2020-09-24,11.109999656677246,-0.022867214731642993
939,2020-09-25,11.640000343322754,0.04770483375550527
940,2020-09-28,11.869999885559082,0.01975941026224004
941,2020-09-29,11.84000015258789,-0.002527357477710601
942,2020-09-30,11.729999542236328,-0.0092905919707712
943,2020-10-01,11.720000267028809,-0.0008524531626378229
944,2020-10-02,11.40999984741211,-0.026450547146215087
945,2020-10-05,11.56999969482422,0.014022773843279213
946,2020-10-06,11.84000015258789,0.023336254527686284
947,2020-10-07,12.640000343322754,0.06756758280615438
948,2020-10-08,12.479999542236328,-0.01265829088137238
949,2020-10-09,12.670000076293944,0.015224402325864972
950,2020-10-12,12.739999771118164,0.005524837758698498
951,2020-10-13,12.5,-0.01883828692542433
952,2020-10-14,12.170000076293944,-0.026399993896484508
953,2020-10-15,12.6899995803833,0.04272797870414724
954,2020-10-16,12.489999771118164,-0.015760426783173798
955,2020-10-19,11.93000030517578,-0.04483582675776554
956,2020-10-20,12.529999732971191,0.050293328788525216
957,2020-10-21,12.029999732971191,-0.03990423069876925
958,2020-10-22,12.34000015258789,0.025768946508541113
959,2020-10-23,12.489999771118164,0.012155560508547936
960,2020-10-26,12.260000228881836,-0.018414695472467324
961,2020-10-27,11.960000038146973,-0.02446983565531502
962,2020-10-28,11.390000343322754,-0.04765883720787445
963,2020-10-29,11.56999969482422,0.01580327884774735
964,2020-10-30,11.359999656677246,-0.01815039271270824
965,2020-11-02,11.390000343322754,0.002640905594383014
966,2020-11-03,11.609999656677246,0.019315127894922623
967,2020-11-04,11.350000381469728,-0.022394425744705737
968,2020-11-05,11.800000190734863,0.03964755895513572
969,2020-11-06,11.75,-0.004237304231073047
970,2020-11-09,12.9399995803833,0.10127656003262131
971,2020-11-10,12.380000114440918,-0.04327662164621149
972,2020-11-11,12.25,-0.010500816901388932
973,2020-11-12,12.119999885559082,-0.010612254240074948
974,2020-11-13,12.420000076293944,0.024752491218445583
975,2020-11-16,12.0600004196167,-0.028985479425590044
976,2020-11-17,12.359999656677246,0.024875557763047063
977,2020-11-18,12.09000015258789,-0.02184462067873061
978,2020-11-19,12.359999656677246,0.022332464903365823
979,2020-11-20,13.020000457763672,0.05339812454848025
980,2020-11-23,14.800000190734863,0.13671272430023595
981,2020-11-24,14.800000190734863,0.0
982,2020-11-25,14.210000038146973,-0.039864874661099226
983,2020-11-27,13.989999771118164,-0.015482073640972205
984,2020-11-30,13.9399995803833,-0.0035739951074257315
985,2020-12-01,13.510000228881836,-0.03084643934326725
986,2020-12-02,13.65999984741211,0.011102858326353049
987,2020-12-03,13.949999809265137,0.02122986567294638
988,2020-12-04,14.029999732971191,0.0057347616343994545
989,2020-12-07,13.670000076293944,-0.025659277514541334
990,2020-12-08,13.579999923706056,-0.006583771184022313
991,2020-12-09,12.800000190734863,-0.05743738861217362
992,2020-12-10,13.100000381469728,0.02343751455191523
993,2020-12-11,12.710000038146973,-0.02977101770732926
994,2020-12-14,12.199999809265137,-0.040125903017400044
995,2020-12-15,12.15999984741211,-0.00327868544904808
996,2020-12-16,12.609999656677246,0.03700656372630684
997,2020-12-17,13.670000076293944,0.08406030519242758
998,2020-12-18,13.84000015258789,0.012435996733369148
999,2020-12-21,13.5600004196167,-0.020231194355791682
1000,2020-12-22,12.979999542236328,-0.04277292473688332
1001,2020-12-23,13.470000267028809,0.03775044237852554
1002,2020-12-24,12.989999771118164,-0.03563477998479081
1003,2020-12-28,12.380000114440918,-0.04695917378178194
1004,2020-12-29,12.270000457763672,-0.008885271054960175
1005,2020-12-30,11.75,-0.0423798238275247
1006,2020-12-31,12.5,0.06382978723404253
1007,2021-01-04,12.59000015258789,0.007200012207031259
1008,2021-01-05,12.720000267028809,0.010325664246651822
1009,2021-01-06,13.770000457763672,0.08254718307330089
1010,2021-01-07,13.770000457763672,0.0
1011,2021-01-08,13.760000228881836,-0.0007262330101229786
1012,2021-01-11,13.18000030517578,-0.0421511565449435
1013,2021-01-12,12.720000267028809,-0.03490136779179964
1014,2021-01-13,12.729999542236328,0.0007861065249690213
1015,2021-01-14,12.579999923706056,-0.011783159774090612
1016,2021-01-15,12.039999961853027,-0.042925275447374234
1017,2021-01-19,12.6899995803833,0.05398667945097202
1018,2021-01-20,13.470000267028809,0.061465777181841874
1019,2021-01-21,13.399999618530272,-0.005196781522705751
1020,2021-01-22,13.90999984741211,0.03805971965675137
1021,2021-01-25,13.899999618530272,-0.0007189237233311552
1022,2021-01-26,14.270000457763672,0.02661876614299663
1023,2021-01-27,13.850000381469728,-0.029432380015477877
1024,2021-01-28,13.729999542236328,-0.008664320283626292
1025,2021-01-29,13.760000228881836,0.0021850464417876303
1026,2021-02-01,13.359999656677246,-0.02906980854295338
1027,2021-02-02,14.229999542236328,0.06511975358653999
1028,2021-02-03,14.109999656677246,-0.008432880493278172
1029,2021-02-04,14.739999771118164,0.044649194172218465
1030,2021-02-05,18.75,0.27204886642801096
1031,2021-02-08,19.540000915527344,0.04213338216145823
1032,2021-02-09,18.100000381469727,-0.07369500852547706
1033,2021-02-10,18.040000915527344,-0.0033148875512626352
1034,2021-02-11,18.15999984741211,0.006651825154924573
1035,2021-02-12,17.520000457763672,-0.035242257435351254
1036,2021-02-16,18.790000915527344,0.07248860870896223
1037,2021-02-17,18.1299991607666,-0.035125158201314455
1038,2021-02-18,17.030000686645508,-0.06067283646110122
1039,2021-02-19,16.940000534057617,-0.005284800291198266
1040,2021-02-22,17.93000030517578,0.058441543087781156
1041,2021-02-23,17.520000457763672,-0.02286669494889837
1042,2021-02-24,17.799999237060547,0.015981665067411388
1043,2021-02-25,17.1299991607666,-0.03764045533771543
1044,2021-02-26,16.760000228881836,-0.02159947168778542
1045,2021-03-01,18.21999931335449,0.08711211602233115
1046,2021-03-02,18.100000381469727,-0.006586110669982714
1047,2021-03-03,18.559999465942383,0.025414313523638876
1048,2021-03-04,18.459999084472656,-0.00538795174284501
1049,2021-03-05,18.739999771118164,0.015167968609544946
1050,2021-03-08,18.989999771118164,0.013340448401994998
1051,2021-03-09,18.239999771118164,-0.039494471250108854
1052,2021-03-10,18.450000762939453,0.01151321241537584
1053,2021-03-11,19.170000076293945,0.03902435141361926
1054,2021-03-12,19.43000030517578,0.013562870518887271
1055,2021-03-15,19.32999992370605,-0.005146699943339272
1056,2021-03-16,19.59000015258789,0.013450606824006117
1057,2021-03-17,19.86000061035156,0.0137825653731809
1058,2021-03-18,19.309999465942383,-0.0276939137717096
1059,2021-03-19,20.059999465942383,0.03883998035954361
1060,2021-03-22,19.799999237060547,-0.012961128404976319
1061,2021-03-23,19.75,-0.002525214090259187
1062,2021-03-24,19.76000022888184,0.0005063407028780276
1063,2021-03-25,19.18000030517578,-0.02935222251962888
1064,2021-03-26,19.350000381469727,0.0088634032111079
1065,2021-03-29,19.170000076293945,-0.009302341169365347
1066,2021-03-30,19.86000061035156,0.03599376793487252
1067,2021-03-31,19.59000015258789,-0.013595188794855217
1068,2021-04-01,19.729999542236328,0.007146472106073221
1069,2021-04-05,20.07999992370605,0.01773950276686387
1070,2021-04-06,19.59000015258789,-0.0244023791324659
1071,2021-04-07,19.040000915527344,-0.02807550958532745
1072,2021-04-08,19.32999992370605,0.015231039613144759
1073,2021-04-09,19.850000381469727,0.026901213648012234
1074,2021-04-12,19.479999542236328,-0.018639840409212294
1075,2021-04-13,19.90999984741211,0.022073938156079498
1076,2021-04-14,19.8700008392334,-0.0020089908832374714
1077,2021-04-15,19.989999771118164,0.006039201148287265
1078,2021-04-16,19.63999938964844,-0.01750877366068848
1079,2021-04-19,19.239999771118164,-0.020366579987833533
1080,2021-04-20,18.8700008392334,-0.019230713944195732
1081,2021-04-21,19.200000762939453,0.01748807149069842
1082,2021-04-22,18.82999992370605,-0.01927087627765056
1083,2021-04-23,19.280000686645508,0.023898075664510632
1084,2021-04-26,19.149999618530277,-0.006742793749238696
1085,2021-04-27,19.26000022888184,0.005744157312939091
1086,2021-04-28,18.989999771118164,-0.014018715189773934
1087,2021-04-29,18.950000762939453,-0.0021063195713959537
1088,2021-04-30,18.56999969482422,-0.0200528260061289
1089,2021-05-03,19.3700008392334,0.04308029927604973
1090,2021-05-04,18.18000030517578,-0.06143523399582429
1091,2021-05-05,18.25,0.0038503681875237117
1092,2021-05-06,18.25,0.0
1093,2021-05-07,19.899999618530277,0.09041093800165911
1094,2021-05-10,19.290000915527344,-0.030653201743527703
1095,2021-05-11,18.809999465942383,-0.024883433219465956
1096,2021-05-12,18.32999992370605,-0.025518317696150095
1097,2021-05-13,18.549999237060547,0.012002144804701853
1098,2021-05-14,19.09000015258789,0.029110562681236685
1099,2021-05-17,19.850000381469727,0.03981143126281261
1100,2021-05-18,19.59000015258789,-0.013098248054672634
1101,2021-05-19,19.3700008392334,-0.011230184361454953
1102,2021-05-20,19.030000686645508,-0.017552923998806924
1103,2021-05-21,19.459999084472656,0.022595816201357533
1104,2021-05-24,19.979999542236328,0.026721504739359636
1105,2021-05-25,19.649999618530277,-0.016516513076412
1106,2021-05-26,19.71999931335449,0.003562325505502839
1107,2021-05-27,20.020000457763672,0.01521304030705628
1108,2021-05-28,19.190000534057617,-0.04145853669969246
1109,2021-06-01,20.020000457763672,0.043251688411003686
1110,2021-06-02,20.290000915527344,0.01348653604345773
1111,2021-06-03,22.239999771118164,0.09610639564331125
1112,2021-06-04,22.5,0.011690657893777656
1113,2021-06-07,22.93000030517578,0.019111124674479063
1114,2021-06-08,22.3700008392334,-0.024422130767088546
1115,2021-06-09,22.63999938964844,0.012069671000705107
1116,2021-06-10,22.309999465942383,-0.014575968754528379
1117,2021-06-11,22.809999465942383,0.022411475211520315
1118,2021-06-14,22.850000381469727,0.0017536570128846574
1119,2021-06-15,23.059999465942383,0.009190331770976945
1120,2021-06-16,23.739999771118164,0.029488305330626075
1121,2021-06-17,23.57999992370605,-0.006739673502725418
1122,2021-06-18,22.299999237060547,-0.054283320219974285
1123,2021-06-21,22.3799991607666,0.003587440647670581
1124,2021-06-22,23.06999969482422,0.03083112421501899
1125,2021-06-23,23.11000061035156,0.0017338931970733995
1126,2021-06-24,22.84000015258789,-0.011683273502066771
1127,2021-06-25,22.459999084472656,-0.016637524762545985
1128,2021-06-28,22.71999931335449,0.011576146014252497
1129,2021-06-29,22.38999938964844,-0.01452464496828032
1130,2021-06-30,22.18000030517578,-0.0093791465027796
1131,2021-07-01,22.270000457763672,0.004057716472027684
1132,2021-07-02,21.979999542236328,-0.013022043536880301
1133,2021-07-06,21.26000022888184,-0.03275702130798286
1134,2021-07-07,21.3700008392334,0.005174064401096468
1135,2021-07-08,21.76000022888184,0.018249853735730293
1136,2021-07-09,21.96999931335449,0.009650693118739895
1137,2021-07-12,22.440000534057617,0.021392864605937367
1138,2021-07-13,21.90999984741211,-0.02361856836148979
1139,2021-07-14,21.989999771118164,0.0036512973191784592
1140,2021-07-15,22.049999237060547,0.002728488702450349
1141,2021-07-16,22.489999771118164,0.01995467343681745
1142,2021-07-19,21.190000534057617,-0.05780343487286366
1143,2021-07-20,22.549999237060547,0.06418115472989605
1144,2021-07-21,23.200000762939453,0.028824902344592562
1145,2021-07-22,22.6299991607666,-0.02456903376845543
1146,2021-07-23,22.979999542236328,0.015466212746331864
1147,2021-07-26,23.84000015258789,0.03742387412893189
1148,2021-07-27,23.299999237060547,-0.02265104496942405
1149,2021-07-28,23.989999771118164,0.02961375779618547
1150,2021-07-29,23.84000015258789,-0.006252589410645215
1151,2021-07-30,26.540000915527344,0.11325506483465198
1152,2021-08-02,26.0,-0.0203466803654635
1153,2021-08-03,26.190000534057617,0.007307712848369841
1154,2021-08-04,25.670000076293945,-0.01985492352653684
1155,2021-08-05,26.350000381469727,0.026490078034855813
1156,2021-08-06,26.200000762939453,-0.005692585061052191
1157,2021-08-09,26.059999465942383,-0.005343560798483082
1158,2021-08-10,26.049999237060547,-0.00038373864492613485
1159,2021-08-11,26.239999771118164,0.007293686741737471
1160,2021-08-12,26.020000457763672,-0.008384120246702209
1161,2021-08-13,25.96999931335449,-0.0019216427182753293
1162,2021-08-16,25.07999992370605,-0.03427028930227105
1163,2021-08-17,24.920000076293945,-0.006379579262313806
1164,2021-08-18,25.920000076293945,0.04012841079207252
1165,2021-08-19,26.290000915527344,0.014274723693839642
