,Date,Adj Close,daily_return
0,2017-01-03,15.164956092834473,
1,2017-01-04,15.336313247680664,0.011299548366457746
2,2017-01-05,14.90792751312256,-0.027932771562480307
3,2017-01-06,14.650893211364746,-0.017241451001929198
4,2017-01-09,14.35102081298828,-0.02046785776473037
5,2017-01-10,14.436697959899902,0.005970108191473145
6,2017-01-11,14.436697959899902,0.0
7,2017-01-12,14.13682746887207,-0.02077140436551128
8,2017-01-13,14.393861770629885,0.018181894227950357
9,2017-01-17,13.922632217407228,-0.032738229721240075
10,2017-01-18,14.308181762695312,0.027692288302066714
11,2017-01-19,13.965469360351562,-0.02395219798208592
12,2017-01-20,14.008309364318848,0.0030675663568393574
13,2017-01-23,13.622760772705078,-0.02752284958781792
14,2017-01-24,13.794116020202637,0.012578599180930405
15,2017-01-25,13.922632217407228,0.009316740341778207
16,2017-01-26,14.222500801086426,0.021538210519148615
17,2017-01-27,14.393861770629885,0.012048582168500799
18,2017-01-30,14.35102081298828,-0.002976335213182413
19,2017-01-31,14.393861770629885,0.002985220229269947
20,2017-02-01,14.222500801086426,-0.011905142085851805
21,2017-02-02,13.879794120788574,-0.024096091474410275
22,2017-02-03,14.093985557556152,0.015431888607538635
23,2017-02-06,14.051149368286133,-0.003039324050325365
24,2017-02-07,13.836953163146973,-0.01524403445760869
25,2017-02-08,13.708438873291016,-0.00928775925889802
26,2017-02-09,13.879794120788574,0.012499982607897087
27,2017-02-10,14.222500801086426,0.02469104925587917
28,2017-02-13,13.879794120788574,-0.024096091474410275
29,2017-02-14,13.922632217407228,0.0030863639795992714
30,2017-02-15,13.836953163146973,-0.006153940786651879
31,2017-02-16,13.922632217407228,0.006192046272762708
32,2017-02-17,13.794116020202637,-0.009230739934644738
33,2017-02-21,14.13682746887207,0.024844756138595825
34,2017-02-22,13.965469360351562,-0.012121397739190187
35,2017-02-23,13.794116020202637,-0.012269787411184563
36,2017-02-24,13.665597915649414,-0.009316878614403223
37,2017-02-27,14.093985557556152,0.03134788865814375
38,2017-02-28,13.708438873291016,-0.0273554050903958
39,2017-03-01,14.008309364318848,0.021874882603305723
40,2017-03-02,13.879794120788574,-0.009174215116752094
41,2017-03-03,13.879794120788574,0.0
42,2017-03-06,14.008309364318848,0.009259160648340536
43,2017-03-07,14.093985557556152,0.006116098025043204
44,2017-03-08,14.13682746887207,0.00303973004236191
45,2017-03-09,13.965469360351562,-0.012121397739190187
46,2017-03-10,14.13682746887207,0.01227012885130807
47,2017-03-13,14.13682746887207,0.0
48,2017-03-14,14.222500801086426,0.006060294107924857
49,2017-03-15,14.393861770629885,0.012048582168500799
50,2017-03-16,14.308181762695312,-0.005952537915113187
51,2017-03-17,14.393861770629885,0.005988182800274355
52,2017-03-20,13.836953163146973,-0.03869070138072761
53,2017-03-21,13.451403617858888,-0.027863760232631818
54,2017-03-22,14.093985557556152,0.04777062364288387
55,2017-03-23,14.650893211364746,0.039513851602467565
56,2017-03-24,14.522377014160156,-0.008771901845881946
57,2017-03-27,14.479536056518556,-0.0029499962437159466
58,2017-03-28,14.393861770629885,-0.005916922030806515
59,2017-03-29,14.374863624572754,-0.0013198783175684126
60,2017-03-30,14.15902614593506,-0.015014923568995475
61,2017-03-31,14.461200714111328,0.02134147963721489
62,2017-04-03,14.245362281799316,-0.014925346558629426
63,2017-04-04,14.072690963745115,-0.012121230379294468
64,2017-04-05,14.029522895812988,-0.0030675062817295817
65,2017-04-06,14.15902614593506,0.009230766511719501
66,2017-04-07,13.986356735229492,-0.012195006134312458
67,2017-04-10,14.202194213867188,0.015432001537186046
68,2017-04-11,14.504369735717772,0.0212766786103753
69,2017-04-12,14.15902614593506,-0.023809624001261076
70,2017-04-13,13.900019645690918,-0.018292677587752104
71,2017-04-17,13.943187713623049,0.003105612008650116
72,2017-04-18,14.11585807800293,0.01238385137791509
73,2017-04-19,14.107224464416504,-0.0006116251338542655
74,2017-04-20,14.245362281799316,0.009791991169577408
75,2017-04-21,14.15902614593506,-0.006060648662797763
76,2017-04-24,14.418034553527832,0.018292812296778704
77,2017-04-25,14.677038192749023,0.017963865897229203
78,2017-04-26,14.677038192749023,0.0
79,2017-04-27,14.633872032165527,-0.002941067538055564
80,2017-04-28,14.720208168029783,0.005899746538338357
81,2017-05-01,14.806540489196776,0.005864884530267345
82,2017-05-02,14.97921657562256,0.011662149342162254
83,2017-05-03,14.849709510803224,-0.008645783587246991
84,2017-05-04,14.633872032165527,-0.014534794669260998
85,2017-05-05,14.633872032165527,0.0
86,2017-05-08,14.677038192749023,0.0029497429312361767
87,2017-05-09,14.590702056884766,-0.005882394985311845
88,2017-05-10,14.590702056884766,0.0
89,2017-05-11,14.677038192749023,0.005917202306486624
90,2017-05-12,14.331694602966309,-0.023529514963947396
91,2017-05-15,14.590702056884766,0.018072353695343768
92,2017-05-16,14.461200714111328,-0.00887560737437787
93,2017-05-17,14.202194213867188,-0.017910442249197245
94,2017-05-18,14.029522895812988,-0.012158073284591508
95,2017-05-19,14.202194213867188,0.012307711341041472
96,2017-05-22,14.374863624572754,0.012157938985017491
97,2017-05-23,14.331694602966309,-0.0030030908629039565
98,2017-05-24,14.504369735717772,0.012048479787988509
99,2017-05-25,14.418034553527832,-0.0059523566871944045
100,2017-05-26,14.461200714111328,0.002993900480903866
101,2017-05-30,14.374863624572754,-0.005970257328240081
102,2017-05-31,14.461200714111328,0.006006115382617416
103,2017-06-01,15.06554889678955,0.04179100993242524
104,2017-06-02,15.238221168518066,0.011461399309872666
105,2017-06-05,14.763375282287598,-0.031161503759473796
106,2017-06-06,14.720208168029783,-0.00292393259890944
107,2017-06-07,14.806540489196776,0.005864884530267345
108,2017-06-08,15.19505500793457,0.02623938515693558
109,2017-06-09,14.97921657562256,-0.014204517996104893
110,2017-06-12,14.892878532409668,-0.0057638557248315125
111,2017-06-13,14.806540489196776,-0.0057972703547540805
112,2017-06-14,14.806540489196776,0.0
113,2017-06-15,14.677038192749023,-0.008746289961672038
114,2017-06-16,14.590702056884766,-0.005882394985311845
115,2017-06-19,14.504369735717772,-0.005916940859350683
116,2017-06-20,14.245362281799316,-0.017857201563239
117,2017-06-21,14.072690963745115,-0.012121230379294468
118,2017-06-22,12.173311233520508,-0.13496919211243252
119,2017-06-23,11.784796714782717,-0.03191527032250474
120,2017-06-26,11.871135711669922,0.007326303454933791
121,2017-06-27,12.173311233520508,0.02545464302573275
122,2017-06-28,12.475482940673828,0.024822474457176336
123,2017-06-29,12.23855209350586,-0.018991717458528456
124,2017-06-30,12.194997787475586,-0.0035587793145387403
125,2017-07-03,12.23855209350586,0.0035714894573415368
126,2017-07-05,12.107890129089355,-0.01067626001983002
127,2017-07-06,11.672353744506836,-0.03597128648666359
128,2017-07-07,12.107890129089355,0.03731350112546816
129,2017-07-10,12.020784378051758,-0.007194131273814963
130,2017-07-11,11.933676719665527,-0.007246420503580153
131,2017-07-12,12.107890129089355,0.0145984689812102
132,2017-07-13,12.064337730407717,-0.0035970262545580445
133,2017-07-14,12.064337730407717,0.0
134,2017-07-17,12.020784378051758,-0.003610090609962313
135,2017-07-18,11.977231979370115,-0.0036230912486179268
136,2017-07-19,11.977231979370115,0.0
137,2017-07-20,11.977231979370115,0.0
138,2017-07-21,11.99465274810791,0.0014544903837381273
139,2017-07-24,11.890122413635254,-0.008714744533904528
140,2017-07-25,11.977231979370115,0.007326212691886713
141,2017-07-26,11.977231979370115,0.0
142,2017-07-27,11.890122413635254,-0.007272929662287653
143,2017-07-28,11.933676719665527,0.0036630662423060567
144,2017-07-31,11.890122413635254,-0.0036496971598452
145,2017-08-01,11.890122413635254,0.0
146,2017-08-02,11.715909004211426,-0.014651944140124717
147,2017-08-03,11.7594633102417,0.003717535362780522
148,2017-08-04,11.715909004211426,-0.003703766479915882
149,2017-08-07,11.803016662597656,0.00743498932561848
150,2017-08-08,11.7594633102417,-0.0036900187130949336
151,2017-08-09,11.672353744506836,-0.007407614058287604
152,2017-08-10,11.45458698272705,-0.018656628007206244
153,2017-08-11,11.585247993469238,0.01140687228087911
154,2017-08-14,11.715909004211426,0.011278223031206736
155,2017-08-15,11.45458698272705,-0.02230488657691343
156,2017-08-16,11.54169464111328,0.00760460927291251
157,2017-08-17,11.367480278015137,-0.015094348665018797
158,2017-08-18,11.28037452697754,-0.007662714067431464
159,2017-08-21,10.88839054107666,-0.03474919959115119
160,2017-08-22,11.019050598144531,0.011999942193013258
161,2017-08-23,11.193266868591309,0.015810461064232895
162,2017-08-24,11.236820220947266,0.0038910313554811893
163,2017-08-25,11.236820220947266,0.0
164,2017-08-28,11.28037452697754,0.003876034783317328
165,2017-08-29,11.32392692565918,0.003860900059433403
166,2017-08-30,11.367480278015137,0.0038461350591434407
167,2017-08-31,11.49814224243164,0.011494364733511508
168,2017-09-01,11.924966812133787,0.037121176682528345
169,2017-09-05,11.715909004211426,-0.017531101865176035
170,2017-09-06,11.672353744506836,-0.003717616762722642
171,2017-09-07,11.54169464111328,-0.011193895100638618
172,2017-09-08,11.803016662597656,0.02264156431183917
173,2017-09-11,11.890122413635254,0.007379956626988982
174,2017-09-12,11.977231979370115,0.007326212691886713
175,2017-09-13,12.23855209350586,0.021818072371466712
176,2017-09-14,12.194997787475586,-0.0035587793145387403
177,2017-09-15,12.412765502929688,0.01785713447834758
178,2017-09-18,12.499874114990234,0.007017663552895348
179,2017-09-19,13.196728706359863,0.05574892874592541
180,2017-09-20,12.151443481445312,-0.07920790433547364
181,2017-09-21,12.586979866027832,0.03584235776165712
182,2017-09-22,12.674086570739746,0.006920381667330222
183,2017-09-25,13.022516250610352,0.027491502281120184
184,2017-09-26,12.978961944580078,-0.00334453842806548
185,2017-09-27,13.39894199371338,0.03235852381158133
186,2017-09-28,13.44287395477295,0.003278763433723464
187,2017-09-29,13.530734062194824,0.006535812782108241
188,2017-10-02,13.750388145446776,0.016233715202907506
189,2017-10-03,13.618596076965332,-0.009584607146168822
190,2017-10-04,13.486804008483888,-0.009677360848109662
191,2017-10-05,13.530734062194824,0.003257261963864888
192,2017-10-06,13.530734062194824,0.0
193,2017-10-09,13.311079978942873,-0.016233715202907617
194,2017-10-10,13.44287395477295,0.009901073093885993
195,2017-10-11,13.486804008483888,0.0032679063910543427
196,2017-10-12,13.662527084350586,0.013029259990443798
197,2017-10-13,13.530734062194824,-0.00964631369746527
198,2017-10-16,13.530734062194824,0.0
199,2017-10-17,13.355009078979492,-0.012987099030074889
200,2017-10-18,13.44287395477295,0.006579170053261585
201,2017-10-19,13.530734062194824,0.006535812782108241
202,2017-10-20,13.618596076965332,0.006493514273996137
203,2017-10-23,12.91570281982422,-0.05161275458708947
204,2017-10-24,12.91570281982422,0.0
205,2017-10-25,12.959632873535156,0.003401290221969777
206,2017-10-26,13.003562927246094,0.00338976066217489
207,2017-10-27,12.959632873535156,-0.003378309003211122
208,2017-10-30,12.608187675476074,-0.02711845323772777
209,2017-10-31,12.783907890319824,0.013936992323293262
210,2017-11-01,12.608187675476074,-0.013745422475768043
211,2017-11-02,12.520322799682615,-0.0069688743580779144
212,2017-11-03,12.388531684875488,-0.010526175476120114
213,2017-11-06,12.388531684875488,0.0
214,2017-11-07,12.300667762756348,-0.007092359639876422
215,2017-11-08,12.03708267211914,-0.021428518818732978
216,2017-11-09,12.124943733215332,0.007299198941260077
217,2017-11-10,12.03708267211914,-0.0072463067070160925
218,2017-11-13,12.21280574798584,0.014598477110547403
219,2017-11-14,12.21280574798584,0.0
220,2017-11-15,12.21280574798584,0.0
221,2017-11-16,12.827839851379396,0.05035977121760005
222,2017-11-17,12.696046829223633,-0.010273984059879893
223,2017-11-20,12.827839851379396,0.01038063453360949
224,2017-11-21,12.959632873535156,0.01027398405987956
225,2017-11-22,12.696046829223633,-0.020339005501443852
226,2017-11-24,12.652116775512695,-0.003460136395355695
227,2017-11-27,12.652116775512695,0.0
228,2017-11-28,13.091423988342283,0.03472203273367169
229,2017-11-29,13.486804008483888,0.030201452530579154
230,2017-11-30,13.355009078979492,-0.009772139449901629
231,2017-12-01,13.047494888305664,-0.02302613115837182
232,2017-12-04,13.091423988342283,0.0033668608734993555
233,2017-12-05,12.696046829223633,-0.03020123398881036
234,2017-12-06,12.696046829223633,0.0
235,2017-12-07,12.739978790283203,0.0034602866270505572
236,2017-12-08,12.256735801696776,-0.037931223947954895
237,2017-12-11,12.256735801696776,0.0
238,2017-12-12,12.476390838623049,0.017921169263994896
239,2017-12-13,12.432461738586426,-0.003520978190313828
240,2017-12-14,12.168874740600586,-0.021201512904539976
241,2017-12-15,12.388531684875488,0.018050719475485533
242,2017-12-18,12.696046829223633,0.024822565915827877
243,2017-12-19,12.608187675476074,-0.00692019767486407
244,2017-12-20,12.959632873535156,0.027874362843017586
245,2017-12-21,13.003562927246094,0.00338976066217489
246,2017-12-22,13.003562927246094,0.0
247,2017-12-26,13.135355949401855,0.010135147028020874
248,2017-12-27,13.223219871520996,0.0066891161882172145
249,2017-12-28,13.469568252563477,0.018629984484568984
250,2017-12-29,13.469568252563477,0.0
251,2018-01-02,13.513877868652344,0.0032896092330527704
252,2018-01-03,13.336647033691406,-0.013114728184132396
253,2018-01-04,13.380952835083008,0.0033221094687199137
254,2018-01-05,13.469568252563477,0.006622504284458097
255,2018-01-08,13.469568252563477,0.0
256,2018-01-09,13.425262451171877,-0.00328932602447507
257,2018-01-10,13.425262451171877,0.0
258,2018-01-11,13.91264820098877,0.03630362919082808
259,2018-01-12,13.64680004119873,-0.019108379364551564
260,2018-01-16,13.558186531066896,-0.006493354476090785
261,2018-01-17,13.956954002380373,0.02941156403179357
262,2018-01-18,13.779723167419434,-0.012698389271091126
263,2018-01-19,13.7354154586792,-0.003215428075144078
264,2018-01-22,13.779723167419434,0.003225800404329071
265,2018-01-23,13.824030876159668,0.003215428075144189
266,2018-01-24,13.91264820098877,0.00641038244365677
267,2018-01-25,13.956954002380373,0.003184569950417826
268,2018-01-26,13.91264820098877,-0.0031744606583963275
269,2018-01-29,14.001261711120604,0.00636927699541312
270,2018-01-30,13.691107749938965,-0.022151857995433177
271,2018-01-31,13.779723167419434,0.006472479736408854
272,2018-02-01,13.513877868652344,-0.019292499242339667
273,2018-02-02,13.602492332458496,0.006557293522069463
274,2018-02-05,12.893567085266112,-0.05211730540738735
275,2018-02-06,12.45048999786377,-0.034364197624461856
276,2018-02-07,12.71634006500244,0.02135257866833218
277,2018-02-08,12.583413124084473,-0.010453238922400687
278,2018-02-09,12.317566871643066,-0.02112672053439779
279,2018-02-12,12.627721786499023,0.025179884800949015
280,2018-02-13,12.361873626708984,-0.02105274128499346
281,2018-02-14,12.494799613952637,0.01075289970255433
282,2018-02-15,12.627721786499023,0.010638199623302036
283,2018-02-16,12.627721786499023,0.0
284,2018-02-20,12.672030448913574,0.003508840562350901
285,2018-02-21,12.80495262145996,0.010489413916913382
286,2018-02-22,12.893567085266112,0.0069203273472204785
287,2018-02-23,12.982183456420898,0.006872913490018728
288,2018-02-26,13.115106582641602,0.010238888293860882
289,2018-02-27,12.849261283874512,-0.0202701592314124
290,2018-02-28,12.096026420593262,-0.05862086906323094
291,2018-03-01,12.096026420593262,0.0
292,2018-03-02,12.273259162902832,0.014652145766467228
293,2018-03-05,12.273259162902832,0.0
294,2018-03-06,12.627721786499023,0.02888088802586286
295,2018-03-07,12.672030448913574,0.003508840562350901
296,2018-03-08,12.71634006500244,0.003496646908125456
297,2018-03-09,12.71634006500244,0.0
298,2018-03-12,13.026493072509766,0.024390115860531303
299,2018-03-13,12.893567085266112,-0.010204280346501893
300,2018-03-14,12.71634006500244,-0.013745383189280092
301,2018-03-15,12.627721786499023,-0.006968850946925231
302,2018-03-16,12.760645866394045,0.010526370642496952
303,2018-03-19,12.583413124084473,-0.013889010334212415
304,2018-03-20,12.494799613952637,-0.007042088601718954
305,2018-03-21,13.20372200012207,0.05673739540230782
306,2018-03-22,12.361873626708984,-0.06375841398397386
307,2018-03-23,12.051718711853027,-0.02508963642742945
308,2018-03-26,12.317566871643066,0.022058941645275443
309,2018-03-27,12.051718711853027,-0.02158284688529377
310,2018-03-28,12.1725492477417,0.010026000338842378
311,2018-03-29,12.1725492477417,0.0
312,2018-04-02,12.127799034118652,-0.003676322248714614
313,2018-04-03,12.306807518005373,0.014760178939568824
314,2018-04-04,12.530566215515137,0.018181701239935233
315,2018-04-05,12.709574699401855,0.014285745816104756
316,2018-04-06,12.441062927246094,-0.021126731500181406
317,2018-04-09,12.262055397033691,-0.014388443436000431
318,2018-04-10,12.530566215515137,0.021897700653546348
319,2018-04-11,12.485814094543455,-0.0035714364540263555
320,2018-04-12,12.620072364807127,0.010752864750913194
321,2018-04-13,12.664823532104492,0.0035460309579651295
322,2018-04-16,12.754327774047852,0.00706715270974545
323,2018-04-17,12.799080848693848,0.0035088540485104236
324,2018-04-18,12.664823532104492,-0.010489606103477045
325,2018-04-19,12.575319290161133,-0.007067152709745339
326,2018-04-20,12.441062927246094,-0.010676179253761076
327,2018-04-23,12.396310806274414,-0.0035971300228433423
328,2018-04-24,12.441062927246094,0.0036101160797799015
329,2018-04-25,12.21730136871338,-0.017985726769589094
330,2018-04-26,12.441062927246094,0.018315137834426398
331,2018-04-27,12.083045959472656,-0.028777040182746405
332,2018-04-30,11.85928726196289,-0.018518401590150946
333,2018-05-01,12.038294792175291,0.01509429076623725
334,2018-05-02,12.21730136871338,0.014869761841555862
335,2018-05-03,12.351558685302734,0.010989113924386507
336,2018-05-04,12.620072364807127,0.021739254643537542
337,2018-05-07,12.127799034118652,-0.03900717178621327
338,2018-05-08,12.21730136871338,0.007379932198986472
339,2018-05-09,12.396310806274414,0.014652125879406563
340,2018-05-10,12.351558685302734,-0.0036101160797797904
341,2018-05-11,12.396310806274414,0.003623196238781601
342,2018-05-14,12.306807518005373,-0.0072201552274518965
343,2018-05-15,12.441062927246094,0.01090903624228301
344,2018-05-16,12.709574699401855,0.021582703481687115
345,2018-05-17,12.799080848693848,0.007042418917149407
346,2018-05-18,12.754327774047852,-0.003496585041930067
347,2018-05-21,12.799080848693848,0.0035088540485104236
348,2018-05-22,12.664823532104492,-0.010489606103477045
349,2018-05-23,12.664823532104492,0.0
350,2018-05-24,12.620072364807127,-0.003533501053838095
351,2018-05-25,12.620072364807127,0.0
352,2018-05-29,12.664823532104492,0.0035460309579651295
353,2018-05-30,12.933335304260254,0.021201382828201387
354,2018-05-31,12.88858413696289,-0.003460141274047257
355,2018-06-01,13.022838592529297,0.01041654026072436
356,2018-06-04,13.246599197387695,0.01718216833208408
357,2018-06-05,13.380855560302734,0.01013515702517176
358,2018-06-06,13.380855560302734,0.0
359,2018-06-07,13.425607681274414,0.003344488756342745
360,2018-06-08,13.380855560302734,-0.003333340436731058
361,2018-06-11,13.425607681274414,0.003344488756342745
362,2018-06-12,13.425607681274414,0.0
363,2018-06-13,13.336102485656738,-0.006666751907439927
364,2018-06-14,13.336102485656738,0.0
365,2018-06-15,13.380855560302734,0.00335578364774336
366,2018-06-18,13.828374862670898,0.033444745020328126
367,2018-06-19,13.738871574401855,-0.006472437228372652
368,2018-06-20,13.917879104614258,0.013029274583651329
369,2018-06-21,12.575319290161133,-0.09646295993532661
370,2018-06-22,12.88858413696289,0.02491108492544236
371,2018-06-25,12.1725492477417,-0.05555574465062385
372,2018-06-26,12.306807518005373,0.011029593516623581
373,2018-06-27,12.127799034118652,-0.014545484978522927
374,2018-06-28,12.127799034118652,0.0
375,2018-06-29,12.204642295837402,0.006336125912259183
376,2018-07-02,12.340249061584473,0.011111080723219757
377,2018-07-03,12.521059036254885,0.014652052302029928
378,2018-07-05,12.656665802001951,0.010830295213401397
379,2018-07-06,12.882678031921388,0.017857169767703684
380,2018-07-09,12.927882194519045,0.0035089103745080674
381,2018-07-10,12.701869010925291,-0.01748261472320467
382,2018-07-11,12.701869010925291,0.0
383,2018-07-12,12.521059036254885,-0.01423491098159535
384,2018-07-13,12.701869010925291,0.01444046978349589
385,2018-07-16,12.475855827331545,-0.01779369503805661
386,2018-07-17,12.475855827331545,0.0
387,2018-07-18,12.430655479431152,-0.00362302582892704
388,2018-07-19,12.566262245178224,0.010909059942290078
389,2018-07-20,12.521059036254885,-0.003597188093116932
390,2018-07-23,12.430655479431152,-0.007220120643307237
391,2018-07-24,12.475855827331545,0.0036361998749931956
392,2018-07-25,12.521059036254885,0.0036232551537114244
393,2018-07-26,12.475855827331545,-0.003610174570094493
394,2018-07-27,12.249845504760742,-0.018115817118988242
395,2018-07-30,12.204642295837402,-0.0036901044103594405
396,2018-07-31,12.430655479431152,0.018518624152617402
397,2018-08-01,12.521059036254885,0.007272629908641637
398,2018-08-02,12.566262245178224,0.003610174570094493
399,2018-08-03,12.521059036254885,-0.003597188093116932
400,2018-08-06,12.475855827331545,-0.003610174570094493
401,2018-08-07,12.656665802001951,0.01449279129006098
402,2018-08-08,12.656665802001951,0.0
403,2018-08-09,12.701869010925291,0.0035714942331961375
404,2018-08-10,12.656665802001951,-0.0035587840564612616
405,2018-08-13,12.475855827331545,-0.014285750884076243
406,2018-08-14,12.566262245178224,0.007246510307422849
407,2018-08-15,12.295045852661133,-0.02158290088376591
408,2018-08-16,12.385452270507812,0.007353076916513768
409,2018-08-17,12.521059036254885,0.01094887475929962
410,2018-08-20,12.656665802001951,0.010830295213401397
411,2018-08-21,12.927882194519045,0.02142873935046885
412,2018-08-22,12.747074127197266,-0.013985899979691574
413,2018-08-23,12.701869010925291,-0.003546313124164313
414,2018-08-24,13.108691215515137,0.03202853093823621
415,2018-08-27,13.108691215515137,0.0
416,2018-08-28,13.063488006591797,-0.003448338829572739
417,2018-08-29,13.24429702758789,0.013840792053765316
418,2018-08-30,13.28950023651123,0.003413031950973533
419,2018-08-31,13.199094772338867,-0.0068027738111614555
420,2018-09-04,13.334702491760254,0.010274016647382256
421,2018-09-05,13.28950023651123,-0.0033898210535221462
422,2018-09-06,13.515511512756348,0.017006755124182815
423,2018-09-07,13.605917930603027,0.0066890859262966895
424,2018-09-10,13.696321487426758,0.006644429084816883
425,2018-09-11,13.560714721679688,-0.00990096252278816
426,2018-09-12,13.696321487426758,0.00999997186949697
427,2018-09-13,13.83193016052246,0.009901101782707977
428,2018-09-14,13.922332763671877,0.006535790891095905
429,2018-09-17,13.83193016052246,-0.0064933517021881215
430,2018-09-18,13.78672695159912,-0.0032680333401591266
431,2018-09-19,13.877130508422852,0.006557289278384282
432,2018-09-20,14.600369453430176,0.05211732674621361
433,2018-09-21,17.222103118896484,0.17956625507516621
434,2018-09-24,16.996095657348633,-0.013123104651479589
435,2018-09-25,17.08650016784668,0.0053191340129319364
436,2018-09-26,16.408464431762695,-0.03968254056848397
437,2018-09-27,16.815288543701172,0.02479355174460851
438,2018-09-28,16.847156524658203,0.0018951789542123176
439,2018-10-01,16.282550811767578,-0.03351341290527243
440,2018-10-02,16.2279109954834,-0.0033557282833529545
441,2018-10-03,16.53753662109375,0.019079820298282923
442,2018-10-04,16.273447036743164,-0.015969100501566746
443,2018-10-05,16.118633270263672,-0.00951327436221372
444,2018-10-08,16.291656494140625,0.010734360722515657
445,2018-10-09,15.92739486694336,-0.022358783916679892
446,2018-10-10,15.64509105682373,-0.017724418367095263
447,2018-10-11,15.162442207336426,-0.030849858766197058
448,2018-10-12,14.971205711364746,-0.012612512770478923
449,2018-10-15,15.29904079437256,0.021897707461126625
450,2018-10-16,15.61777114868164,0.020833355410511567
451,2018-10-17,15.82722282409668,0.013411111830302413
452,2018-10-18,15.544918060302734,-0.017836658201598188
453,2018-10-19,15.29904079437256,-0.01581721209313247
454,2018-10-22,15.271723747253418,-0.001785539857452445
455,2018-10-23,15.362785339355469,0.0059627579446248635
456,2018-10-24,15.053166389465332,-0.020153829077919405
457,2018-10-25,15.08958911895752,0.002419605852339357
458,2018-10-26,14.86192512512207,-0.015087487938914679
459,2018-10-29,14.88014030456543,0.0012256271842312483
460,2018-10-30,15.153337478637695,0.018359852022930445
461,2018-10-31,15.116908073425291,-0.0024040516001019308
462,2018-11-01,15.699729919433594,0.038554302452422196
463,2018-11-02,15.71794605255127,0.0011602832157722176
464,2018-11-05,15.70883846282959,-0.0005794389223139351
465,2018-11-06,15.7725830078125,0.004057877680373467
466,2018-11-07,15.872756958007812,0.006351144270136055
467,2018-11-08,15.654199600219728,-0.013769338141211951
468,2018-11-09,15.235291481018066,-0.02676011101811826
469,2018-11-12,14.998523712158203,-0.01554074427488683
470,2018-11-13,15.053166389465332,0.003643203714965182
471,2018-11-14,15.053166389465332,0.0
472,2018-11-15,15.344574928283691,0.01935862072329808
473,2018-11-16,15.280831336975098,-0.004154145136408993
474,2018-11-19,15.08958911895752,-0.012515171053215424
475,2018-11-20,14.506771087646484,-0.038623850306091057
476,2018-11-21,14.779966354370115,0.018832258748211483
477,2018-11-23,14.943885803222656,0.011090651015188024
478,2018-11-26,14.570515632629396,-0.024984811548328545
479,2018-11-27,14.58872890472412,0.001250008754249965
480,2018-11-28,15.053166389465332,0.03183536329822534
481,2018-11-29,14.980311393737791,-0.004839845242030072
482,2018-11-30,14.75264835357666,-0.015197483829094582
483,2018-12-03,14.86192512512207,0.007407264711147166
484,2018-12-04,14.16071891784668,-0.04718138473797695
485,2018-12-06,14.03322696685791,-0.00900321175276575
486,2018-12-07,13.74181842803955,-0.02076561146674072
487,2018-12-10,13.523260116577148,-0.01590461354200723
488,2018-12-11,13.413981437683104,-0.008080793976600997
489,2018-12-12,13.532365798950195,0.008825445436693391
490,2018-12-13,13.277381896972656,-0.018842522125534056
491,2018-12-14,13.04061222076416,-0.017832557506121116
492,2018-12-17,12.91312026977539,-0.009776531103790398
493,2018-12-18,12.9313325881958,0.0014103731739445458
494,2018-12-19,13.168103218078612,0.018309839938611017
495,2018-12-20,13.377554893493652,0.015905986758023127
496,2018-12-21,13.231850624084473,-0.010891696619390823
497,2018-12-24,12.87669277191162,-0.02684113222427098
498,2018-12-26,13.459515571594238,0.04526183935629424
499,2018-12-27,13.574396133422852,0.008535267203157337
500,2018-12-28,13.491681098937988,-0.006093459603790596
501,2018-12-31,13.62953758239746,0.01021788778199939
502,2019-01-02,13.794968605041504,0.01213768417629213
503,2019-01-03,13.785778045654297,-0.0006662254659897116
504,2019-01-04,14.318827629089355,0.03866663032509021
505,2019-01-07,14.585352897644045,0.01861362364703867
506,2019-01-08,14.888641357421877,0.02079404330537815
507,2019-01-09,15.044882774353027,0.01049400097566755
508,2019-01-10,15.182737350463867,0.009162888018366067
509,2019-01-11,15.08164119720459,-0.006658624918923994
510,2019-01-14,15.026497840881348,-0.0036563233140345375
511,2019-01-15,15.017308235168455,-0.0006115600461400472
512,2019-01-16,14.778355598449709,-0.015911815418368502
513,2019-01-17,15.118403434753418,0.023009856139838858
514,2019-01-18,15.49521255493164,0.024923869891713135
515,2019-01-22,15.394118309020996,-0.0065242245340138005
516,2019-01-23,15.375733375549316,-0.0011942829789027831
517,2019-01-24,15.293025016784668,-0.0053791488668873955
518,2019-01-25,15.302212715148926,0.0006007770440559224
519,2019-01-28,15.035689353942873,-0.017417308605454096
520,2019-01-29,14.934593200683594,-0.006723745807688419
521,2019-01-30,14.989734649658203,0.0036921962475739978
522,2019-01-31,15.16435718536377,0.011649474776362911
523,2019-02-01,15.109212875366213,-0.0036364423050375683
524,2019-02-04,15.256258964538574,0.009732213741729945
525,2019-02-05,15.467641830444336,0.013855484912592031
526,2019-02-06,15.458451271057127,-0.0005941797390937031
527,2019-02-07,15.357354164123535,-0.006539924676857933
528,2019-02-08,15.384926795959473,0.001795402485432751
529,2019-02-11,15.54116916656494,0.010155548523409275
530,2019-02-12,15.568737983703612,0.0017739216942560532
531,2019-02-13,15.688214302062988,0.007674117098279698
532,2019-02-14,15.633071899414062,-0.003514893510963457
533,2019-02-15,16.037456512451172,0.025867252171485555
534,2019-02-19,16.06502342224121,0.0017189078435622118
535,2019-02-20,16.083404541015625,0.0011441700576027003
536,2019-02-21,16.037456512451172,-0.0028568595938301966
537,2019-02-22,16.12936019897461,0.005730564971576646
538,2019-02-25,16.000690460205078,-0.00797736160531104
539,2019-02-26,15.936359405517578,-0.004020517417513747
540,2019-02-27,15.954740524291992,0.0011534076451644726
541,2019-02-28,16.09259605407715,0.008640411893584998
542,2019-03-01,16.202884674072266,0.0068533765232474675
543,2019-03-04,16.294790267944336,0.0056721747837369385
544,2019-03-05,16.06502342224121,-0.014100632283382653
545,2019-03-06,15.899598121643066,-0.010297233701453634
546,2019-03-07,15.881214141845703,-0.0011562543692433813
547,2019-03-08,15.844452857971191,-0.0023147653287822756
548,2019-03-11,16.202884674072266,0.022621911864930677
549,2019-03-12,16.212074279785156,0.0005671586200695078
550,2019-03-13,16.156932830810547,-0.0034012581007826226
551,2019-03-14,16.12936019897461,-0.0017065511210987427
552,2019-03-15,16.101787567138672,-0.00170946841634112
553,2019-03-18,16.175312042236328,0.004566230599620358
554,2019-03-19,16.06502342224121,-0.0068183302867441675
555,2019-03-20,13.886873245239258,-0.13558338010179394
556,2019-03-21,14.061494827270508,0.012574578808884462
557,2019-03-22,13.574396133422852,-0.034640605414368086
558,2019-03-25,13.638729095458984,0.004739287214237997
559,2019-03-26,13.840919494628906,0.014824724338665884
560,2019-03-27,13.93282699584961,0.006640274243078226
561,2019-03-28,13.891069412231444,-0.0029970646754319263
562,2019-03-29,13.501340866088867,-0.028056050587394687
563,2019-04-01,13.826114654541016,0.024054928445505608
564,2019-04-02,13.881789207458496,0.004026767773055884
565,2019-04-03,14.123050689697266,0.017379710830729422
566,2019-04-04,14.33647346496582,0.015111662484101007
567,2019-04-05,14.494221687316896,0.011003279344572903
568,2019-04-08,14.54061794281006,0.0032010173774119632
569,2019-04-09,14.345752716064451,-0.013401440537949338
570,2019-04-10,14.494221687316896,0.010349332948293988
571,2019-04-11,14.67052936553955,0.012163997627891332
572,2019-04-12,14.76332187652588,0.00632509629845357
573,2019-04-15,14.883952140808104,0.008170943185491941
574,2019-04-16,15.245842933654783,0.024314159937028013
575,2019-04-17,15.357192993164062,0.007303634177122209
576,2019-04-18,15.255121231079102,-0.006646511646392406
577,2019-04-22,15.106657028198242,-0.00973208935097769
578,2019-04-23,15.292237281799316,0.012284667167240748
579,2019-04-24,15.589174270629885,0.019417498130504418
580,2019-04-25,15.505661964416504,-0.005357070539054654
581,2019-04-26,15.700526237487791,0.012567297901790786
582,2019-04-29,15.886113166809082,0.011820427322886129
583,2019-04-30,16.043859481811523,0.009929824453977831
584,2019-05-01,15.84899616241455,-0.012145663555448327
585,2019-05-02,15.941787719726562,0.005854727729196041
586,2019-05-03,16.41503143310547,0.029685736737876
587,2019-05-06,16.32223892211914,-0.005652898769306414
588,2019-05-07,16.053138732910156,-0.016486720387624776
589,2019-05-08,16.22944450378418,0.010982635471316504
590,2019-05-09,16.12737274169922,-0.006289294871501094
591,2019-05-10,16.238723754882812,0.006904473218733331
592,2019-05-13,15.765480995178224,-0.02914285425677554
593,2019-05-14,15.895390510559082,0.008240123813576528
594,2019-05-15,16.034582138061523,0.008756729028454924
595,2019-05-16,16.025300979614258,-0.0005788213479686055
596,2019-05-17,15.700526237487791,-0.020266373938287452
597,2019-05-20,15.719085693359377,0.0011820913255295995
598,2019-05-21,16.034582138061523,0.020070915755324714
599,2019-05-22,15.811877250671388,-0.013889035927010296
600,2019-05-23,15.5613374710083,-0.01584503697386408
601,2019-05-24,15.514942169189451,-0.00298144692930713
602,2019-05-28,15.552059173583984,0.0023923392037028535
603,2019-05-29,15.52422046661377,-0.0017900335035697656
604,2019-05-30,15.143770217895508,-0.024506882618451242
605,2019-05-31,14.883952140808104,-0.01715676303516378
606,2019-06-03,15.227285385131836,0.023067344014255253
607,2019-06-04,15.700526237487791,0.031078477902439117
608,2019-06-05,15.63557243347168,-0.004137046302373104
609,2019-06-06,15.579896926879885,-0.0035608230417332187
610,2019-06-07,15.728364944458008,0.009529460835005388
611,2019-06-10,15.886113166809082,0.010029537266469601
612,2019-06-11,15.895390510559082,0.000583990788217692
613,2019-06-12,15.97890567779541,0.00525404941645502
614,2019-06-13,16.257286071777344,0.01742174336561586
615,2019-06-14,16.210887908935547,-0.00285399190473401
616,2019-06-17,16.220169067382812,0.0005725262243130302
617,2019-06-18,16.266563415527344,0.0028602875809615735
618,2019-06-19,16.48926544189453,0.013690785243218873
619,2019-06-20,14.642690658569336,-0.11198647931481376
620,2019-06-21,14.345752716064451,-0.020278919320822264
621,2019-06-24,14.44782543182373,0.007115187176269799
622,2019-06-25,14.828275680541992,0.026332699721042907
623,2019-06-26,14.93962860107422,0.007509498941832282
624,2019-06-27,15.44998550415039,0.03416128450739886
625,2019-06-28,16.00695037841797,0.036049540248303646
626,2019-07-01,16.128643035888672,0.007602488581134104
627,2019-07-02,15.95078945159912,-0.011027188331578897
628,2019-07-03,16.156728744506836,0.012910915383380628
629,2019-07-05,16.156728744506836,0.0
630,2019-07-08,16.24097442626953,0.005214278403438355
631,2019-07-09,16.222253799438477,-0.0011526787949850403
632,2019-07-10,16.194169998168945,-0.0017311898591121366
633,2019-07-11,16.072481155395508,-0.007514361204507325
634,2019-07-12,16.409469604492188,0.020966796964235535
635,2019-07-15,16.493715286254883,0.005133967385492655
636,2019-07-16,16.315860748291016,-0.010783170127356523
637,2019-07-17,15.557636260986328,-0.04647162040679387
638,2019-07-18,15.866544723510742,0.01985574526504763
639,2019-07-19,15.754212379455566,-0.007079823995247314
640,2019-07-22,15.754212379455566,0.0
641,2019-07-23,15.61380100250244,-0.008912624355390308
642,2019-07-24,15.69804859161377,0.0053957130040165335
643,2019-07-25,15.632524490356444,-0.004174028438944322
644,2019-07-26,15.866544723510742,0.014970085816827794
645,2019-07-29,15.913347244262695,0.0029497613732245576
646,2019-07-30,15.932066917419434,0.0011763504477970699
647,2019-07-31,15.829100608825684,-0.006462834303135545
648,2019-08-01,15.585719108581545,-0.015375573524906372
649,2019-08-02,15.220646858215332,-0.02342351019050526
650,2019-08-05,14.733885765075684,-0.031980315795640424
651,2019-08-06,14.761968612670898,0.0019060041623086832
652,2019-08-07,14.893020629882812,0.00887767889571478
653,2019-08-08,15.40786361694336,0.0345694134088228
654,2019-08-09,15.155121803283691,-0.016403430088889115
655,2019-08-12,14.836854934692385,-0.02100061436143308
656,2019-08-13,14.986628532409668,0.010094699879222624
657,2019-08-14,14.518588066101074,-0.031230537628688326
658,2019-08-15,14.387535095214844,-0.009026564448937124
659,2019-08-16,14.705803871154783,0.022121146800593516
660,2019-08-19,14.724525451660156,0.001273074268459018
661,2019-08-20,14.677721977233888,-0.003178606643719717
662,2019-08-21,14.68708324432373,0.0006377874648642035
663,2019-08-22,14.556031227111816,-0.008922943720807375
664,2019-08-23,14.359455108642578,-0.013504788180386584
665,2019-08-26,14.49050521850586,0.009126398520818979
666,2019-08-27,14.25648593902588,-0.01614983576839768
667,2019-08-28,14.368814468383787,0.00787911760572202
668,2019-08-29,14.50922679901123,0.009772019183377889
669,2019-08-30,14.537310600280762,0.0019355822097595343
670,2019-09-03,14.359455108642578,-0.012234415052998049
671,2019-09-04,14.56539249420166,0.014341587755313467
672,2019-09-05,14.79941177368164,0.016066802152646442
673,2019-09-06,14.836854934692385,0.0025300438681847837
674,2019-09-09,15.127038955688477,0.019558324339854938
675,2019-09-10,15.323616981506348,0.012995142432944418
676,2019-09-11,15.51083278656006,0.012217468322241354
677,2019-09-12,15.576358795166016,0.004224531945359766
678,2019-09-13,15.716768264770508,0.009014267804877907
679,2019-09-16,15.688687324523926,-0.0017866866631561784
680,2019-09-17,15.69804859161377,0.0005966889961028787
681,2019-09-18,15.342337608337402,-0.022659566964673306
682,2019-09-19,15.669966697692873,0.02135457436273791
683,2019-09-20,17.214494705200195,0.098566132098719
684,2019-09-23,17.916553497314453,0.040783003168961995
685,2019-09-24,17.467233657836914,-0.025078475028408098
686,2019-09-25,17.851030349731445,0.02197237979480149
687,2019-09-26,17.223857879638672,-0.03513368460001576
688,2019-09-27,17.37010383605957,0.008490894284130412
689,2019-09-30,17.360668182373047,-0.0005432122787277782
690,2019-10-01,17.02100372314453,-0.01956517201183472
691,2019-10-02,16.84173583984375,-0.010532156987723362
692,2019-10-03,16.98326301574707,0.008403360392846171
693,2019-10-04,17.08704948425293,0.0061111029376172965
694,2019-10-07,16.624727249145508,-0.0270568792776944
695,2019-10-08,16.36054229736328,-0.015891084877546202
696,2019-10-09,16.473764419555664,0.006920438218642078
697,2019-10-10,16.624727249145508,0.009163833216568218
698,2019-10-11,16.936086654663086,0.018728692558464877
699,2019-10-14,16.84173583984375,-0.00557099268226513
700,2019-10-15,17.124788284301758,0.016806607534383122
701,2019-10-16,16.907779693603516,-0.012672191159126545
702,2019-10-17,17.143657684326172,0.013950855464002432
703,2019-10-18,17.115352630615234,-0.0016510510319402982
704,2019-10-21,17.219141006469727,0.006064051269901283
705,2019-10-22,17.294618606567383,0.004383354551153129
706,2019-10-23,16.98326301574707,-0.018003033076547825
707,2019-10-24,16.71907615661621,-0.015555718526286899
708,2019-10-25,16.624727249145508,-0.005643189048658459
709,2019-10-28,16.766252517700195,0.008512937772375384
710,2019-10-29,16.813425064086914,0.00281354144803192
711,2019-10-30,16.520938873291016,-0.017395990982268184
712,2019-10-31,16.483198165893555,-0.00228441662346901
713,2019-11-01,16.80398941040039,0.019461711330426512
714,2019-11-04,17.068178176879883,0.015721788441260154
715,2019-11-05,16.88890838623047,-0.01050315908303845
716,2019-11-06,16.851173400878906,-0.0022343057637951302
717,2019-11-07,16.92664909362793,0.004478957693538899
718,2019-11-08,16.936086654663086,0.0005575563706055053
719,2019-11-11,16.936086654663086,0.0
720,2019-11-12,17.049304962158203,0.006685033550176467
721,2019-11-13,17.049304962158203,0.0
722,2019-11-14,17.143657684326172,0.005534109594343528
723,2019-11-15,17.16252899169922,0.0011007748591655986
724,2019-11-18,17.2757511138916,0.006597053513916373
725,2019-11-19,17.219141006469727,-0.0032768536110915347
726,2019-11-20,17.011566162109375,-0.012054889630229493
727,2019-11-21,16.84173583984375,-0.009983226743925266
728,2019-11-22,16.917217254638672,0.004481807309692609
729,2019-11-25,17.16252899169922,0.014500714471423093
730,2019-11-26,17.209705352783203,0.002748800081083802
731,2019-11-27,17.2757511138916,0.003837704350802218
732,2019-11-29,17.09648323059082,-0.010376850309948615
733,2019-12-02,17.209705352783203,0.006622538721284821
734,2019-12-03,17.171964645385742,-0.0021929897475762017
735,2019-12-04,17.190832138061523,0.0010987381505500604
736,2019-12-05,17.35123062133789,0.00933046649447733
737,2019-12-06,17.58711051940918,0.013594418933099428
738,2019-12-09,17.502195358276367,-0.004828261074444229
739,2019-12-10,17.643720626831055,0.008086143804112211
740,2019-12-11,17.7946834564209,0.008556178868547315
741,2019-12-12,18.115480422973636,0.018027686041079072
742,2019-12-13,17.813552856445312,-0.016666826353963327
743,2019-12-16,18.03056526184082,0.012182432507672925
744,2019-12-17,18.002256393432617,-0.0015700488585410621
745,2019-12-18,20.955455780029297,0.16404606856249604
746,2019-12-19,20.521440505981445,-0.020711325900220734
747,2019-12-20,20.389345169067383,-0.006436942712455318
748,2019-12-23,20.1157283782959,-0.013419596779723375
749,2019-12-24,20.17233657836914,0.002814126290068719
750,2019-12-26,19.588117599487305,-0.02896139357045513
751,2019-12-27,19.53112030029297,-0.00290978951422205
752,2019-12-30,19.61661529541016,0.004377372818491487
753,2019-12-31,19.43612098693848,-0.00920109334630792
754,2020-01-02,19.39812660217285,-0.0019548337238259883
755,2020-01-03,19.27463150024414,-0.00636634168141148
756,2020-01-06,19.122636795043945,-0.007885738578103041
757,2020-01-07,19.03714370727539,-0.004470779248953338
758,2020-01-08,19.008642196655277,-0.0014971526747061814
759,2020-01-09,18.51466560363769,-0.02598694782652622
760,2020-01-10,18.24867820739746,-0.014366308413799822
761,2020-01-13,18.27717399597168,0.0015615261692032423
762,2020-01-14,18.486164093017575,0.011434486375845543
763,2020-01-15,18.495664596557617,0.0005139250897179259
764,2020-01-16,18.51466560363769,0.001027322212774795
765,2020-01-17,18.37217330932617,-0.007696185141120027
766,2020-01-21,18.267675399780277,-0.0056878360434824415
767,2020-01-22,18.27717399597168,0.0005199674279037225
768,2020-01-23,18.28667449951172,0.0005198015591543204
769,2020-01-24,18.182178497314453,-0.0057143250512856625
770,2020-01-27,18.04918670654297,-0.007314403540319869
771,2020-01-28,18.144182205200195,0.005263145658678914
772,2020-01-29,17.954187393188477,-0.010471390215496479
773,2020-01-30,18.096681594848636,0.007936544191034844
774,2020-01-31,17.67870330810547,-0.02309695755834862
775,2020-02-03,17.811697006225586,0.007522819734134156
776,2020-02-04,17.754701614379883,-0.0031998855485685374
777,2020-02-05,18.115684509277344,0.020331679052555618
778,2020-02-06,18.35317039489746,0.013109407237606563
779,2020-02-07,18.144182205200195,-0.011387034784756778
780,2020-02-10,18.12518310546875,-0.001047117997194702
781,2020-02-11,18.19167900085449,0.00366870199317737
782,2020-02-12,18.41966819763184,0.012532608824432412
783,2020-02-13,17.982690811157227,-0.023723412484204953
784,2020-02-14,18.087181091308597,0.005810603165491868
785,2020-02-18,17.992189407348633,-0.005251878857209569
786,2020-02-19,17.887693405151367,-0.005807853609777203
787,2020-02-20,18.02068519592285,0.007434820564018896
788,2020-02-21,17.868694305419922,-0.008434245915206251
789,2020-02-24,17.16572380065918,-0.03934089938219587
790,2020-02-25,16.56725311279297,-0.0348642850610954
791,2020-02-26,16.19676971435547,-0.02236239139434759
792,2020-02-27,15.598296165466309,-0.036950179538499106
793,2020-02-28,15.408305168151855,-0.012180240412095866
794,2020-03-02,15.512799263000488,0.006781673500640295
795,2020-03-03,15.132817268371582,-0.024494740645242485
796,2020-03-04,15.531800270080566,0.02636541462394315
797,2020-03-05,14.857329368591309,-0.043425159335103825
798,2020-03-06,14.534344673156738,-0.021739081595469445
799,2020-03-09,13.489391326904297,-0.0718954565720703
800,2020-03-10,13.175905227661133,-0.02323945474232947
801,2020-03-11,12.748425483703612,-0.032444051211000025
802,2020-03-12,10.943507194519045,-0.14157970264577413
803,2020-03-13,11.722472190856934,0.07118056236377557
804,2020-03-16,9.84155559539795,-0.16045391832330602
805,2020-03-17,9.062591552734377,-0.07915049964538401
806,2020-03-18,6.963186264038086,-0.2316561743382174
807,2020-03-19,8.321624755859375,0.19508863332251347
808,2020-03-20,9.119589805603027,0.09589053498017841
809,2020-03-23,8.986595153808594,-0.014583402831640835
810,2020-03-24,9.528070449829102,0.06025366523727582
811,2020-03-25,10.972005844116213,0.1515454154007656
812,2020-03-26,10.630020141601562,-0.031168931859259064
813,2020-03-27,10.117043495178224,-0.048257354133860675
814,2020-03-30,9.946052551269531,-0.01690127594985502
815,2020-03-31,9.376075744628906,-0.05730683642606249
816,2020-04-01,8.359623908996582,-0.10840908961455431
817,2020-04-02,8.07235050201416,-0.034364393674847005
818,2020-04-03,7.871260643005371,-0.02491094247686776
819,2020-04-06,8.74265193939209,0.11070543028721347
820,2020-04-07,8.905439376831055,0.01861991516618522
821,2020-04-08,9.38422679901123,0.05376348116251495
822,2020-04-09,10.0066499710083,0.06632652698277197
823,2020-04-13,9.70022678375244,-0.030621955214147012
824,2020-04-14,9.508711814880373,-0.01974334962898472
825,2020-04-15,8.694772720336914,-0.08559930202845245
826,2020-04-16,8.426652908325195,-0.030836897137586083
827,2020-04-17,9.221439361572266,0.09431816664263604
828,2020-04-20,8.857563018798828,-0.03945982058829001
829,2020-04-21,8.723501205444336,-0.015135293203104139
830,2020-04-22,8.704350471496582,-0.00219530363975895
831,2020-04-23,9.08737850189209,0.04400420590252874
832,2020-04-24,9.154410362243652,0.0073763693608235315
833,2020-04-27,9.64277172088623,0.05334711241007617
834,2020-04-28,10.054529190063477,0.04270115285269904
835,2020-04-29,10.648225784301758,0.059047677222421324
836,2020-04-30,10.485437393188477,-0.01528784178799758
837,2020-05-01,10.102408409118652,-0.03652961433145807
838,2020-05-04,10.15986156463623,0.00568707512019806
839,2020-05-05,10.485437393188477,0.03204530164913755
840,2020-05-06,9.6619234085083,-0.07853882997910466
841,2020-05-07,10.054529190063477,0.0406343297246019
842,2020-05-08,10.667377471923828,0.06095245936189708
843,2020-05-11,10.246044158935549,-0.03949736606745324
844,2020-05-12,9.5757417678833,-0.06542060337185629
845,2020-05-13,9.29804515838623,-0.029000010258051767
846,2020-05-14,9.26931858062744,-0.0030895287417357364
847,2020-05-15,9.307621955871582,0.004132275194877355
848,2020-05-18,10.638648986816406,0.14300398504100875
849,2020-05-19,10.313075065612791,-0.030602938550474912
850,2020-05-20,10.609922409057615,0.028783591853666524
851,2020-05-21,10.648225784301758,0.0036101465936682064
852,2020-05-22,11.02167797088623,0.035071775725777465
853,2020-05-26,12.285676956176758,0.11468299007005833
854,2020-05-27,12.352707862854004,0.005456020609718726
855,2020-05-28,11.663254737854004,-0.055813926197774366
856,2020-05-29,11.088709831237791,-0.049261112745097035
857,2020-06-01,11.107861518859863,0.0017271339870505997
858,2020-06-02,11.251497268676758,0.012930999326289605
859,2020-06-03,12.046283721923828,0.07063828344514556
860,2020-06-04,12.199495315551758,0.012718577543470166
861,2020-06-05,12.697434425354004,0.04081636960567381
862,2020-06-08,13.358160972595217,0.05203622441411371
863,2020-06-09,13.243250846862791,-0.008602241428903867
864,2020-06-10,12.333556175231934,-0.06869119086771325
865,2020-06-11,10.906770706176758,-0.1156832181070716
866,2020-06-12,11.366405487060549,0.04214215126237941
867,2020-06-15,11.68240451812744,0.02780114007252532
868,2020-06-16,12.00798225402832,0.027869068854420087
869,2020-06-17,11.711132049560549,-0.024721072882014528
870,2020-06-18,11.58664894104004,-0.010629468440258805
871,2020-06-19,11.299376487731934,-0.02479340271461794
872,2020-06-22,11.39513111114502,0.008474328076159665
873,2020-06-23,11.615375518798828,0.01932793975827085
874,2020-06-24,11.17489242553711,-0.03792241521152906
875,2020-06-25,11.040830612182615,-0.011996698334932776
876,2020-06-26,10.983376502990724,-0.00520378504208685
877,2020-06-29,11.701557159423828,0.06538796664555258
878,2020-06-30,11.548345565795898,-0.013093265412504662
879,2020-07-01,9.930044174194336,-0.14013274736033854
880,2020-07-02,9.901318550109863,-0.002892799224309961
881,2020-07-06,10.495013236999512,0.05996117425017711
882,2020-07-07,10.147112846374512,-0.03314911403813181
883,2020-07-08,10.147112846374512,0.0
884,2020-07-09,10.069801330566406,-0.007619065341894604
885,2020-07-10,10.147112846374512,0.007677561182208192
886,2020-07-13,10.176103591918944,0.00285704377031637
887,2020-07-14,10.282408714294434,0.010446544830764903
888,2020-07-15,10.958881378173828,0.06578931869718163
889,2020-07-16,10.949217796325684,-0.0008818036727170631
890,2020-07-17,10.775266647338867,-0.015887084559153664
891,2020-07-20,10.543333053588867,-0.021524626845988992
892,2020-07-21,10.755939483642578,0.020165011289417833
893,2020-07-22,11.007201194763184,0.02336027564144616
894,2020-07-23,11.132832527160645,0.011413558285573222
895,2020-07-24,10.794594764709473,-0.030382004007154295
896,2020-07-27,10.562661170959473,-0.021486086213097666
897,2020-07-28,10.417701721191406,-0.013723762167682896
898,2020-07-29,10.668963432312012,0.024118727704546927
899,2020-07-30,10.398374557495115,-0.025362245970155906
900,2020-07-31,10.369382858276367,-0.0027880991455391246
901,2020-08-03,10.485349655151367,0.011183577505043285
902,2020-08-04,10.446694374084473,-0.003686599144350322
903,2020-08-05,10.562661170959473,0.011100812632432566
904,2020-08-06,10.659299850463867,0.009149084491140158
905,2020-08-07,11.074849128723145,0.0389846691704796
906,2020-08-10,11.335773468017578,0.023560080707349274
907,2020-08-11,11.277791976928713,-0.005114912648215175
908,2020-08-12,11.026529312133787,-0.022279420059258093
909,2020-08-13,10.910561561584473,-0.010517157962088963
910,2020-08-14,11.016864776611328,0.009743147905525218
911,2020-08-17,10.833250045776367,-0.01666669552164901
912,2020-08-18,10.292070388793944,-0.0499554293213621
913,2020-08-19,10.524005889892578,0.022535359003293065
914,2020-08-20,10.581988334655762,0.00550954126877401
915,2020-08-21,10.388710021972656,-0.01826483894809483
916,2020-08-24,10.427366256713867,0.0037209850558395097
917,2020-08-25,10.25341510772705,-0.016682175029079316
918,2020-08-26,10.060137748718262,-0.01885004722603434
919,2020-08-27,10.272744178771973,0.02113355058988109
920,2020-08-28,10.398374557495115,0.012229485767079717
921,2020-08-31,10.09879207611084,-0.028810510693552338
922,2020-09-01,10.040809631347656,-0.005741522780763453
923,2020-09-02,10.330727577209473,0.028873961015721816
924,2020-09-03,10.060137748718262,-0.02619271745081697
925,2020-09-04,9.78954792022705,-0.026897228969423037
926,2020-09-08,9.779884338378906,-0.0009871325955898014
927,2020-09-09,9.50929355621338,-0.02766809634993883
928,2020-09-10,9.325678825378418,-0.019308977028581586
929,2020-09-11,9.393327713012695,0.007254044332963838
930,2020-09-14,9.828204154968262,0.04629631321742633
931,2020-09-15,9.683244705200195,-0.014749332378773183
932,2020-09-16,10.427366256713867,0.07684630247070556
933,2020-09-17,11.635355949401855,0.11584801597528993
934,2020-09-18,11.925272941589355,0.024916899272205306
935,2020-09-21,11.432414054870604,-0.041328939734360914
936,2020-09-22,10.968545913696287,-0.04057481988912859
937,2020-09-23,9.50929355621338,-0.13303972732253933
938,2020-09-24,9.364336013793944,-0.015243776160924316
939,2020-09-25,9.383662223815918,0.002063809969388819
940,2020-09-28,9.567277908325195,0.019567593134720562
941,2020-09-29,9.7025728225708,0.014141421995056191
942,2020-09-30,9.770219802856444,0.006972066226421658
943,2020-10-01,10.42417049407959,0.06693305825442697
944,2020-10-02,11.214768409729004,0.07584276524433609
945,2020-10-05,11.07812213897705,-0.012184493318061707
946,2020-10-06,11.13668441772461,0.005286300152036905
947,2020-10-07,11.13668441772461,0.0
948,2020-10-08,11.165966033935549,0.002629293882507433
949,2020-10-09,11.20500659942627,0.0034963894187094446
950,2020-10-12,11.52710247039795,0.02874571006394344
951,2020-10-13,11.566144943237305,0.003387015335347021
952,2020-10-14,11.478300094604492,-0.007594998079647586
953,2020-10-15,11.683270454406738,0.017857205170876744
954,2020-10-16,11.868718147277832,0.01587292647164107
955,2020-10-19,11.585664749145508,-0.023848691545282352
956,2020-10-20,11.790635108947754,0.017691721989224973
957,2020-10-21,11.50758171081543,-0.024006628609642866
958,2020-10-22,11.517342567443848,0.0008482109337746291
959,2020-10-23,11.771114349365234,0.022033883288209655
960,2020-10-26,11.126923561096191,-0.05472640645138083
961,2020-10-27,10.834110260009766,-0.026315746619326896
962,2020-10-28,10.55105686187744,-0.026126132311678263
963,2020-10-29,10.40464973449707,-0.013876062777119502
964,2020-10-30,10.189919471740724,-0.020637913647818307
965,2020-11-02,10.482732772827148,0.02873558538891996
966,2020-11-03,10.87315273284912,0.037244101178845135
967,2020-11-04,10.287524223327637,-0.05386004629110264
968,2020-11-05,10.54129695892334,0.024668008559363352
969,2020-11-06,10.268004417419434,-0.025925893423632385
970,2020-11-09,12.112730979919434,0.1796577492088398
971,2020-11-10,12.337220191955566,0.018533327654043807
972,2020-11-11,12.08344841003418,-0.0205696078997486
973,2020-11-12,11.575904846191406,-0.042003205262274745
974,2020-11-13,11.927281379699709,0.03035413111778551
975,2020-11-16,12.669076919555664,0.06219317849904127
976,2020-11-17,12.454347610473633,-0.016949088749361074
977,2020-11-18,12.142011642456056,-0.025078468803529597
978,2020-11-19,12.093209266662598,-0.004019299044551672
979,2020-11-20,12.22985553741455,0.01129942166209319
980,2020-11-23,12.307938575744627,0.006384624748117407
981,2020-11-24,12.94236946105957,0.05154647802396606
982,2020-11-25,12.59099292755127,-0.027149320266702914
983,2020-11-27,12.532429695129396,-0.00465120048584311
984,2020-11-30,11.85895824432373,-0.05373829873287894
985,2020-12-01,12.20057487487793,0.028806630693527735
986,2020-12-02,12.132251739501951,-0.005599993121361946
987,2020-12-03,12.307938575744627,0.01448097517385416
988,2020-12-04,13.02045440673828,0.057890752915993104
989,2020-12-07,13.088775634765623,0.005247223014888558
990,2020-12-08,12.96189022064209,-0.00969421569016038
991,2020-12-09,13.254703521728516,0.022590324104127424
992,2020-12-10,13.030213356018066,-0.016936641799829122
993,2020-12-11,12.20057487487793,-0.06367036812616456
994,2020-12-14,12.532429695129396,0.027199933089610884
995,2020-12-15,13.401111602783203,0.06931472418244744
996,2020-12-16,13.33278751373291,-0.005098389676577497
997,2020-12-17,12.844764709472656,-0.03660320872567613
998,2020-12-18,13.274226188659668,0.03343474862332796
999,2020-12-21,12.171293258666992,-0.08308830317618998
1000,2020-12-22,12.288418769836426,0.00962309498918934
1001,2020-12-23,12.75692081451416,0.03812549469975224
1002,2020-12-24,13.268377304077148,0.04009247192167886
1003,2020-12-28,13.002813339233398,-0.02001480352553331
1004,2020-12-29,12.845441818237305,-0.012102882421703098
1005,2020-12-30,13.209362983703612,0.02833076281966651
1006,2020-12-31,13.327392578125,0.008935297982726409
1007,2021-01-04,12.530698776245115,-0.059778669924343886
1008,2021-01-05,12.825770378112791,0.02354789682017211
1009,2021-01-06,13.199527740478516,0.029141123795849433
1010,2021-01-07,13.081499099731444,-0.008941883608844403
1011,2021-01-08,13.071662902832031,-0.0007519166438358926
1012,2021-01-11,12.599549293518066,-0.036117333565240495
1013,2021-01-12,13.297884941101074,0.05542544668183269
1014,2021-01-13,13.219198226928713,-0.005917235298762202
1015,2021-01-14,13.150348663330078,-0.005208301019223871
1016,2021-01-15,12.983141899108888,-0.012715006157019038
1017,2021-01-19,13.130678176879885,0.011363680603469595
1018,2021-01-20,13.248706817626951,0.008988769594162171
1019,2021-01-21,13.23887062072754,-0.0007424269428563113
1020,2021-01-22,13.583120346069336,0.026002952608572105
1021,2021-01-25,13.23887062072754,-0.025343935455995115
1022,2021-01-26,13.317556381225586,0.0059435402574936624
1023,2021-01-27,13.002813339233398,-0.02363369322287201
1024,2021-01-28,13.061826705932615,0.004538507564447958
1025,2021-01-29,12.717577934265137,-0.026355331410967353
1026,2021-02-01,13.120841979980469,0.031709186120166155
1027,2021-02-02,13.28804874420166,0.01274360018025611
1028,2021-02-03,13.219198226928713,-0.0051813865676095805
1029,2021-02-04,13.868356704711914,0.049107250427700366
1030,2021-02-05,13.573285102844238,-0.021276608912678352
1031,2021-02-08,13.710984230041504,0.010144863690250805
1032,2021-02-09,13.651969909667969,-0.004304163682446016
1033,2021-02-10,13.415913581848145,-0.017291008505128325
1034,2021-02-11,13.337227821350098,-0.0058651063915997614
1035,2021-02-12,13.563448905944824,0.016961627080598785
1036,2021-02-16,13.317556381225586,-0.0181290559963303
1037,2021-02-17,13.032320976257324,-0.021417998678073702
1038,2021-02-18,12.75692081451416,-0.021132088616056643
1039,2021-02-19,13.051992416381836,0.02313031539178012
1040,2021-02-22,13.986385345458984,0.07159006067949991
1041,2021-02-23,14.025727272033691,0.002812873062122634
1042,2021-02-24,14.48800563812256,0.03295931520147399
1043,2021-02-25,13.986385345458984,-0.03462314311527137
1044,2021-02-26,13.710984230041504,-0.019690656922082828
1045,2021-03-01,14.084741592407228,0.027259703322158435
1046,2021-03-02,13.94704246520996,-0.009776475222768699
1047,2021-03-03,14.330634117126465,0.027503440451504435
1048,2021-03-04,14.27161979675293,-0.004118053666795296
1049,2021-03-05,14.645377159118652,0.02618885366121937
1050,2021-03-08,15.687962532043455,0.071188700816466
1051,2021-03-09,15.176506042480469,-0.03260184287910628
1052,2021-03-10,15.914185523986816,0.04860667398948837
1053,2021-03-11,15.874839782714844,-0.002472369145921305
1054,2021-03-12,16.31744956970215,0.02788121285288403
1055,2021-03-15,16.140405654907227,-0.010849974687444641
1056,2021-03-16,15.697798728942873,-0.027422292563618833
1057,2021-03-17,15.79615592956543,0.0062656683475761366
1058,2021-03-18,15.924019813537598,0.008094620269786468
1059,2021-03-19,15.707634925842283,-0.013588584429627293
1060,2021-03-22,15.127327919006348,-0.03694426370205561
1061,2021-03-23,14.556856155395508,-0.037711337168415904
1062,2021-03-24,14.409319877624512,-0.010135174531920588
1063,2021-03-25,14.20276927947998,-0.014334514043599866
1064,2021-03-26,14.428991317749023,0.015928023177556483
1065,2021-03-29,13.829012870788574,-0.04158145456934459
1066,2021-03-30,14.153592109680176,0.023470889927163174
1067,2021-03-31,14.153592109680176,0.0
1068,2021-04-01,14.331872940063477,0.012596154319112207
1069,2021-04-05,14.421014785766602,0.006219832263090863
1070,2021-04-06,14.361586570739746,-0.004120945433431666
1071,2021-04-07,14.09416389465332,-0.018620691716002447
1072,2021-04-08,14.183304786682127,0.006324666911431631
1073,2021-04-09,14.15359115600586,-0.0020949723018127697
1074,2021-04-12,14.104068756103516,-0.003498928247714028
1075,2021-04-13,13.945595741271973,-0.011235978608156172
1076,2021-04-14,14.331872940063477,0.027698866793357313
1077,2021-04-15,14.312064170837402,-0.0013821479794661196
1078,2021-04-16,14.470536231994627,0.01107262092075656
1079,2021-04-19,14.381396293640137,-0.006160099178453393
1080,2021-04-20,13.846549987792969,-0.03719015142387061
1081,2021-04-21,14.15359115600586,0.022174561062761278
1082,2021-04-22,13.717791557312012,-0.030790743768864814
1083,2021-04-23,14.01492691040039,0.021660582306340492
1084,2021-04-26,13.876264572143556,-0.009893903774406021
1085,2021-04-27,13.88616943359375,0.0007137988324377176
1086,2021-04-28,13.79702854156494,-0.006419401149834636
1087,2021-04-29,13.975309371948242,0.012921683088950253
1088,2021-04-30,13.668269157409668,-0.0219701908821337
1089,2021-05-03,13.995119094848633,0.023913045146742418
1090,2021-05-04,13.806931495666504,-0.013446659360790814
1091,2021-05-05,13.8168363571167,0.0007173832544402625
1092,2021-05-06,13.905977249145508,0.006451613793840405
1093,2021-05-07,14.232827186584473,0.023504276728127715
1094,2021-05-10,14.500250816345217,0.01878921357330965
1095,2021-05-11,14.054545402526855,-0.030737772709141353
1096,2021-05-12,13.598936080932615,-0.0324172222256528
1097,2021-05-13,13.88616943359375,0.021121751801147948
1098,2021-05-14,14.282350540161133,0.02853062599171019
1099,2021-05-17,14.272445678710938,-0.0006935035953881119
1100,2021-05-18,14.232827186584473,-0.002775872686316183
1101,2021-05-19,14.06445026397705,-0.011830181059609202
1102,2021-05-20,14.133782386779783,0.004929600624370645
1103,2021-05-21,14.242732048034668,0.007708457529160162
1104,2021-05-24,14.470536231994627,0.015994416183052085
1105,2021-05-25,14.331872940063477,-0.009582457049833626
1106,2021-05-26,14.272445678710938,-0.0041465104805956665
1107,2021-05-27,14.579486846923828,0.021512862975606062
1108,2021-05-28,14.331872940063477,-0.016983718937446435
1109,2021-06-01,14.757767677307127,0.029716614082804238
1110,2021-06-02,14.520059585571287,-0.016107320357221844
1111,2021-06-03,14.470536231994627,-0.0034106852857458403
1112,2021-06-04,14.500250816345217,0.0020534542655641363
1113,2021-06-07,14.737959861755373,0.016393443701139487
1114,2021-06-08,14.698341369628906,-0.002688193786527737
1115,2021-06-09,14.807291030883787,0.007412377935377412
1116,2021-06-10,14.767672538757324,-0.002675607040060868
1117,2021-06-11,14.737959861755373,-0.0020120081159689107
1118,2021-06-14,14.37149143218994,-0.024865614576438766
1119,2021-06-15,14.589390754699709,0.015161914373181151
1120,2021-06-16,14.411109924316406,-0.012219895496724087
1121,2021-06-17,14.054545402526855,-0.02474233585491603
1122,2021-06-18,13.72769546508789,-0.023255817109545274
1123,2021-06-21,14.282350540161133,0.04040409233172704
1124,2021-06-22,14.331872940063477,0.0034673844310912916
1125,2021-06-23,14.401205062866213,0.004837617741427547
1126,2021-06-24,15.074713706970217,0.04676751988211447
1127,2021-06-25,14.945955276489258,-0.008541351629213656
1128,2021-06-28,14.569581985473633,-0.025182284039594216
1129,2021-06-29,14.638914108276367,0.00475868991106676
1130,2021-06-30,14.965763092041016,0.02232740634633945
1131,2021-07-01,15.045000076293944,0.005294550218763572
1132,2021-07-02,14.699999809265137,-0.022931224013246432
1133,2021-07-06,14.510000228881836,-0.012925141690379283
1134,2021-07-07,14.489999771118164,-0.0013783912783034147
1135,2021-07-08,14.1899995803833,-0.020703947237655007
1136,2021-07-09,14.510000228881836,0.022551138686495387
1137,2021-07-12,14.630000114440918,0.008270150493879802
1138,2021-07-13,14.449999809265137,-0.012303506751042859
1139,2021-07-14,14.229999542236328,-0.015224932175275652
1140,2021-07-15,14.15999984741211,-0.0049191635331014005
1141,2021-07-16,13.920000076293944,-0.01694913656104513
1142,2021-07-19,13.699999809265137,-0.01580461679763001
1143,2021-07-20,14.0,0.02189782444609789
1144,2021-07-21,14.06999969482422,0.004999978201730038
1145,2021-07-22,13.649999618530272,-0.029850752338569708
1146,2021-07-23,13.770000457763672,0.008791270519194372
1147,2021-07-26,13.920000076293944,0.010893218122276949
1148,2021-07-27,13.899999618530272,-0.0014368144866416799
1149,2021-07-28,13.899999618530272,0.0
1150,2021-07-29,13.989999771118164,0.006474831299125405
1151,2021-07-30,13.75,-0.01715509471369936
1152,2021-08-02,13.90999984741211,0.011636352539062589
1153,2021-08-03,13.920000076293944,0.0007189237233309331
1154,2021-08-04,13.460000038146973,-0.03304597957081634
1155,2021-08-05,13.739999771118164,0.02080235751691273
1156,2021-08-06,13.920000076293944,0.013100459110206408
1157,2021-08-09,13.75,-0.012212649092111505
1158,2021-08-10,13.989999771118164,0.01745452880859366
1159,2021-08-11,14.130000114440918,0.01000717266713469
1160,2021-08-12,13.970000267028809,-0.01132341444559426
1161,2021-08-13,13.93000030517578,-0.002863275668464671
1162,2021-08-16,13.84000015258789,-0.006460886619970019
1163,2021-08-17,13.779999732971191,-0.004335290386935475
1164,2021-08-18,13.489999771118164,-0.021044990382630302
1165,2021-08-19,13.420000076293944,-0.005189006375974081
